id,term,normalized_term,category,subcategory,trigger_level,semantic_distance,humor,reason,tags
1,早恋,早恋,校园恋爱,中学恋爱,4,1,false,属于“中学恋爱”语义，与“校园恋爱”主题的关联距离为1级,"[""校园恋爱"", ""中学恋爱"", ""高中"", ""青春""]"
2,刘海,刘海,校园外貌与穿搭,头发与神态,3,3,false,可独立触发“校园外貌与穿搭”联想的高精度校园意象种子,"[""校园外貌与穿搭"", ""头发与神态"", ""高精度种子""]"
3,小纸条,小纸条,校园物件与暗号,纸面信息,3,3,false,可独立触发“校园物件与暗号”联想的高精度校园意象种子,"[""校园物件与暗号"", ""纸面信息"", ""高精度种子""]"
4,靠窗座位,靠窗座位,校园空间与路线,教室内部,3,3,false,可独立触发“校园空间与路线”联想的高精度校园意象种子,"[""校园空间与路线"", ""教室内部"", ""高精度种子""]"
5,借笔记,借笔记,校园日常互动,学习协作,4,2,false,可独立触发“校园日常互动”联想的高精度校园意象种子,"[""校园日常互动"", ""学习协作"", ""高精度种子""]"
6,蝉鸣,蝉鸣,季节与感官记忆,声音记忆,2,3,false,可独立触发“季节与感官记忆”联想的高精度校园意象种子,"[""季节与感官记忆"", ""声音记忆"", ""高精度种子""]"
7,毕业照,毕业照,毕业与离别,毕业仪式,4,2,false,可独立触发“毕业与离别”联想的高精度校园意象种子,"[""毕业与离别"", ""毕业仪式"", ""高精度种子""]"
8,恋爱,恋爱,恋爱,恋爱状态,5,0,false,属于“恋爱状态”语义，与“恋爱”主题的关联距离为0级,"[""恋爱"", ""恋爱状态"", ""关系状态""]"
9,女朋友,女友,对象与伴侣,伴侣称谓,5,0,false,属于“伴侣称谓”语义，与“对象与伴侣”主题的关联距离为0级,"[""对象与伴侣"", ""伴侣称谓"", ""伴侣""]"
10,表白,表白,表白与追求,表达好感,5,0,false,属于“表达好感”语义，与“表白与追求”主题的关联距离为0级,"[""表白与追求"", ""表达好感"", ""表达"", ""好感""]"
11,约会,约会,约会,约会邀请,5,0,false,属于“约会邀请”语义，与“约会”主题的关联距离为0级,"[""约会"", ""约会邀请"", ""邀请"", ""见面""]"
12,牵手,牵手,亲密行为,肢体接触,5,0,false,属于“肢体接触”语义，与“亲密行为”主题的关联距离为0级,"[""亲密行为"", ""肢体接触"", ""身体接触""]"
13,初恋,初恋,恋爱历史,初恋,5,0,false,属于“初恋”语义，与“恋爱历史”主题的关联距离为0级,"[""恋爱历史"", ""初恋"", ""第一次"", ""过去""]"
14,别人都有对象,别人都有对象,社会比较,同龄比较,5,1,false,属于“同龄比较”语义，与“社会比较”主题的关联距离为1级,"[""社会比较"", ""同龄比较"", ""同龄人"", ""横向比较""]"
15,被女生拒绝,被女生拒绝,被拒绝,明确拒绝,5,0,false,属于“明确拒绝”语义，与“被拒绝”主题的关联距离为0级,"[""被拒绝"", ""明确拒绝"", ""拒绝"", ""失败""]"
16,颜值,颜值,吸引力与自我评价,外貌评价,4,1,false,属于“外貌评价”语义，与“吸引力与自我评价”主题的关联距离为1级,"[""吸引力与自我评价"", ""外貌评价"", ""外貌"", ""自信""]"
17,结婚,结婚,婚姻,婚姻事件,4,1,false,属于“婚姻事件”语义，与“婚姻”主题的关联距离为1级,"[""婚姻"", ""婚姻事件"", ""承诺"", ""仪式""]"
18,情人节,情人节,节日,恋爱节日,5,1,false,属于“恋爱节日”语义，与“节日”主题的关联距离为1级,"[""节日"", ""恋爱节日"", ""纪念""]"
19,CP,cp,网络恋爱语言,关系热词,4,1,false,属于“关系热词”语义，与“网络恋爱语言”主题的关联距离为1级,"[""网络恋爱语言"", ""关系热词"", ""网络用语"", ""关系状态""]"
20,谈过恋爱吗,有恋爱经历吗,恋爱统计与提问,经历盘问,5,0,false,属于“经历盘问”语义，与“恋爱统计与提问”主题的关联距离为0级,"[""恋爱统计与提问"", ""经历盘问"", ""提问"", ""经历数量""]"
21,人生进度,人生进度,高阶语义关联,人生进度,4,2,false,属于“人生进度”语义，与“高阶语义关联”主题的关联距离为2级,"[""高阶语义关联"", ""人生进度"", ""阶段"", ""进度""]"
22,面向对象编程,面向对象编程,荒诞扩散区,技术对象,1,4,true,属于“技术对象”语义，与“荒诞扩散区”主题的关联距离为4级,"[""荒诞扩散区"", ""技术对象"", ""对象双关"", ""技术""]"
23,高中谈恋爱,高中谈恋爱,校园恋爱,中学恋爱,4,1,false,属于“中学恋爱”语义，与“校园恋爱”主题的关联距离为1级,"[""校园恋爱"", ""中学恋爱"", ""高中"", ""青春""]"
24,校服,校服,校园外貌与穿搭,头发与神态,3,3,false,可独立触发“校园外貌与穿搭”联想的高精度校园意象种子,"[""校园外貌与穿搭"", ""头发与神态"", ""高精度种子""]"
25,情书,情书,校园物件与暗号,纸面信息,3,3,false,可独立触发“校园物件与暗号”联想的高精度校园意象种子,"[""校园物件与暗号"", ""纸面信息"", ""高精度种子""]"
26,教室走廊,教室走廊,校园空间与路线,教室内部,3,3,false,可独立触发“校园空间与路线”联想的高精度校园意象种子,"[""校园空间与路线"", ""教室内部"", ""高精度种子""]"
27,讲题,讲题,校园日常互动,学习协作,4,2,false,可独立触发“校园日常互动”联想的高精度校园意象种子,"[""校园日常互动"", ""学习协作"", ""高精度种子""]"
28,下课铃,下课铃,季节与感官记忆,声音记忆,2,3,false,可独立触发“季节与感官记忆”联想的高精度校园意象种子,"[""季节与感官记忆"", ""声音记忆"", ""高精度种子""]"
29,毕业快乐,毕业快乐,毕业与离别,毕业仪式,4,2,false,可独立触发“毕业与离别”联想的高精度校园意象种子,"[""毕业与离别"", ""毕业仪式"", ""高精度种子""]"
30,谈恋爱,谈恋爱,恋爱,恋爱状态,5,0,false,属于“恋爱状态”语义，与“恋爱”主题的关联距离为0级,"[""恋爱"", ""恋爱状态"", ""关系状态""]"
31,男朋友,男友,对象与伴侣,伴侣称谓,5,0,false,属于“伴侣称谓”语义，与“对象与伴侣”主题的关联距离为0级,"[""对象与伴侣"", ""伴侣称谓"", ""伴侣""]"
32,告白,告白,表白与追求,表达好感,5,0,false,属于“表达好感”语义，与“表白与追求”主题的关联距离为0级,"[""表白与追求"", ""表达好感"", ""表达"", ""好感""]"
33,第一次约会,第一次约会,约会,约会邀请,5,0,false,属于“约会邀请”语义，与“约会”主题的关联距离为0级,"[""约会"", ""约会邀请"", ""邀请"", ""见面""]"
34,十指相扣,十指相扣,亲密行为,肢体接触,5,0,false,属于“肢体接触”语义，与“亲密行为”主题的关联距离为0级,"[""亲密行为"", ""肢体接触"", ""身体接触""]"
35,表白失败,表白失败,被拒绝,明确拒绝,5,0,false,属于“明确拒绝”语义，与“被拒绝”主题的关联距离为0级,"[""被拒绝"", ""明确拒绝"", ""拒绝"", ""失败""]"
36,订婚,订婚,婚姻,婚姻事件,4,1,false,属于“婚姻事件”语义，与“婚姻”主题的关联距离为1级,"[""婚姻"", ""婚姻事件"", ""承诺"", ""仪式""]"
37,七夕,七夕,节日,恋爱节日,5,1,false,属于“恋爱节日”语义，与“节日”主题的关联距离为1级,"[""节日"", ""恋爱节日"", ""纪念""]"
38,磕CP,磕cp,网络恋爱语言,关系热词,4,1,false,属于“关系热词”语义，与“网络恋爱语言”主题的关联距离为1级,"[""网络恋爱语言"", ""关系热词"", ""网络用语"", ""关系状态""]"
39,谈过几个,谈过几个,恋爱统计与提问,经历盘问,5,0,false,属于“经历盘问”语义，与“恋爱统计与提问”主题的关联距离为0级,"[""恋爱统计与提问"", ""经历盘问"", ""提问"", ""经历数量""]"
40,双人座,双人座,间接语义触发词,地点与座位,3,3,false,属于“地点与座位”语义，与“间接语义触发词”主题的关联距离为3级,"[""间接语义触发词"", ""地点与座位"", ""地点"", ""双人场景""]"
41,感情进度落后,感情进度落后,高阶语义关联,人生进度,4,2,false,属于“人生进度”语义，与“高阶语义关联”主题的关联距离为2级,"[""高阶语义关联"", ""人生进度"", ""阶段"", ""进度""]"
42,对象存储,对象存储,荒诞扩散区,技术对象,1,4,true,属于“技术对象”语义，与“荒诞扩散区”主题的关联距离为4级,"[""荒诞扩散区"", ""技术对象"", ""对象双关"", ""技术""]"
43,高中就有对象,高中就有对象,校园恋爱,中学恋爱,4,1,false,属于“中学恋爱”语义，与“校园恋爱”主题的关联距离为1级,"[""校园恋爱"", ""中学恋爱"", ""高中"", ""青春""]"
44,小皮筋,小皮筋,校园外貌与穿搭,头发与神态,3,3,false,可独立触发“校园外貌与穿搭”联想的高精度校园意象种子,"[""校园外貌与穿搭"", ""头发与神态"", ""高精度种子""]"
45,便利贴,便利贴,校园物件与暗号,纸面信息,3,3,false,可独立触发“校园物件与暗号”联想的高精度校园意象种子,"[""校园物件与暗号"", ""纸面信息"", ""高精度种子""]"
46,楼梯转角,楼梯转角,校园空间与路线,教室内部,3,3,false,可独立触发“校园空间与路线”联想的高精度校园意象种子,"[""校园空间与路线"", ""教室内部"", ""高精度种子""]"
47,一起值日,一起值日,校园日常互动,学习协作,4,2,false,可独立触发“校园日常互动”联想的高精度校园意象种子,"[""校园日常互动"", ""学习协作"", ""高精度种子""]"
48,晚霞,晚霞,季节与感官记忆,声音记忆,2,3,false,可独立触发“季节与感官记忆”联想的高精度校园意象种子,"[""季节与感官记忆"", ""声音记忆"", ""高精度种子""]"
49,散伙饭,散伙饭,毕业与离别,毕业仪式,4,2,false,可独立触发“毕业与离别”联想的高精度校园意象种子,"[""毕业与离别"", ""毕业仪式"", ""高精度种子""]"
50,正在恋爱中,正在恋爱中,恋爱,恋爱状态,5,0,false,属于“恋爱状态”语义，与“恋爱”主题的关联距离为0级,"[""恋爱"", ""恋爱状态"", ""关系状态""]"
51,恋爱对象,恋爱对象,对象与伴侣,伴侣称谓,5,0,false,属于“伴侣称谓”语义，与“对象与伴侣”主题的关联距离为0级,"[""对象与伴侣"", ""伴侣称谓"", ""伴侣""]"
52,说我喜欢你,说我喜欢你,表白与追求,表达好感,5,0,false,属于“表达好感”语义，与“表白与追求”主题的关联距离为0级,"[""表白与追求"", ""表达好感"", ""表达"", ""好感""]"
53,周末约会,周末约会,约会,约会邀请,5,0,false,属于“约会邀请”语义，与“约会”主题的关联距离为0级,"[""约会"", ""约会邀请"", ""邀请"", ""见面""]"
54,拥抱,拥抱,亲密行为,肢体接触,5,0,false,属于“肢体接触”语义，与“亲密行为”主题的关联距离为0级,"[""亲密行为"", ""肢体接触"", ""身体接触""]"
55,第一段恋爱,第一段恋爱,恋爱历史,初恋,5,0,false,属于“初恋”语义，与“恋爱历史”主题的关联距离为0级,"[""恋爱历史"", ""初恋"", ""第一次"", ""过去""]"
56,求婚,求婚,婚姻,婚姻事件,4,1,false,属于“婚姻事件”语义，与“婚姻”主题的关联距离为1级,"[""婚姻"", ""婚姻事件"", ""承诺"", ""仪式""]"
57,520,520,节日,恋爱节日,5,1,false,属于“恋爱节日”语义，与“节日”主题的关联距离为1级,"[""节日"", ""恋爱节日"", ""纪念""]"
58,官宣,官宣,网络恋爱语言,关系热词,4,1,false,属于“关系热词”语义，与“网络恋爱语言”主题的关联距离为1级,"[""网络恋爱语言"", ""关系热词"", ""网络用语"", ""关系状态""]"
59,有过女朋友吗,有过女友吗,恋爱统计与提问,经历盘问,5,0,false,属于“经历盘问”语义，与“恋爱统计与提问”主题的关联距离为0级,"[""恋爱统计与提问"", ""经历盘问"", ""提问"", ""经历数量""]"
60,摩天轮最高点,摩天轮最高点,间接语义触发词,地点与座位,3,3,false,属于“地点与座位”语义，与“间接语义触发词”主题的关联距离为3级,"[""间接语义触发词"", ""地点与座位"", ""地点"", ""双人场景""]"
61,对象数据库,对象数据库,荒诞扩散区,技术对象,1,4,true,属于“技术对象”语义，与“荒诞扩散区”主题的关联距离为4级,"[""荒诞扩散区"", ""技术对象"", ""对象双关"", ""技术""]"
62,放学一起回家,放学一起回家,校园恋爱,中学恋爱,4,1,false,属于“中学恋爱”语义，与“校园恋爱”主题的关联距离为1级,"[""校园恋爱"", ""中学恋爱"", ""高中"", ""青春""]"
63,白衬衫,白衬衫,校园外貌与穿搭,头发与神态,3,3,false,可独立触发“校园外貌与穿搭”联想的高精度校园意象种子,"[""校园外貌与穿搭"", ""头发与神态"", ""高精度种子""]"
64,同学录,同学录,校园物件与暗号,纸面信息,3,3,false,可独立触发“校园物件与暗号”联想的高精度校园意象种子,"[""校园物件与暗号"", ""纸面信息"", ""高精度种子""]"
65,操场看台,操场看台,校园空间与路线,教室内部,3,3,false,可独立触发“校园空间与路线”联想的高精度校园意象种子,"[""校园空间与路线"", ""教室内部"", ""高精度种子""]"
66,帮忙留座,帮忙留座,校园日常互动,学习协作,4,2,false,可独立触发“校园日常互动”联想的高精度校园意象种子,"[""校园日常互动"", ""学习协作"", ""高精度种子""]"
67,晨光,晨光,季节与感官记忆,声音记忆,2,3,false,可独立触发“季节与感官记忆”联想的高精度校园意象种子,"[""季节与感官记忆"", ""声音记忆"", ""高精度种子""]"
68,最后一课,最后一课,毕业与离别,毕业仪式,4,2,false,可独立触发“毕业与离别”联想的高精度校园意象种子,"[""毕业与离别"", ""毕业仪式"", ""高精度种子""]"
69,进入一段关系,进入一段关系,恋爱,恋爱状态,5,0,false,属于“恋爱状态”语义，与“恋爱”主题的关联距离为0级,"[""恋爱"", ""恋爱状态"", ""关系状态""]"
70,另一半,另一半,对象与伴侣,伴侣称谓,5,0,false,属于“伴侣称谓”语义，与“对象与伴侣”主题的关联距离为0级,"[""对象与伴侣"", ""伴侣称谓"", ""伴侣""]"
71,靠在肩膀上,靠在肩膀上,亲密行为,肢体接触,5,0,false,属于“肢体接触”语义，与“亲密行为”主题的关联距离为0级,"[""亲密行为"", ""肢体接触"", ""身体接触""]"
72,认真打理发型,认真打理发型,吸引力与自我评价,外貌评价,4,1,false,属于“外貌评价”语义，与“吸引力与自我评价”主题的关联距离为1级,"[""吸引力与自我评价"", ""外貌评价"", ""外貌"", ""自信""]"
73,举办婚礼,举办婚礼,婚姻,婚姻事件,4,1,false,属于“婚姻事件”语义，与“婚姻”主题的关联距离为1级,"[""婚姻"", ""婚姻事件"", ""承诺"", ""仪式""]"
74,521,521,节日,恋爱节日,5,1,false,属于“恋爱节日”语义，与“节日”主题的关联距离为1级,"[""节日"", ""恋爱节日"", ""纪念""]"
75,恋爱脑,恋爱脑,网络恋爱语言,关系热词,4,1,false,属于“关系热词”语义，与“网络恋爱语言”主题的关联距离为1级,"[""网络恋爱语言"", ""关系热词"", ""网络用语"", ""关系状态""]"
76,游乐园夜场,游乐园夜场,间接语义触发词,地点与座位,3,3,false,属于“地点与座位”语义，与“间接语义触发词”主题的关联距离为3级,"[""间接语义触发词"", ""地点与座位"", ""地点"", ""双人场景""]"
77,对象生命周期,对象生命周期,荒诞扩散区,技术对象,1,4,true,属于“技术对象”语义，与“荒诞扩散区”主题的关联距离为4级,"[""荒诞扩散区"", ""技术对象"", ""对象双关"", ""技术""]"
78,给同桌写情书,给同桌写情书,校园恋爱,中学恋爱,4,1,false,属于“中学恋爱”语义，与“校园恋爱”主题的关联距离为1级,"[""校园恋爱"", ""中学恋爱"", ""高中"", ""青春""]"
79,马尾,马尾,校园外貌与穿搭,头发与神态,3,3,false,可独立触发“校园外貌与穿搭”联想的高精度校园意象种子,"[""校园外貌与穿搭"", ""头发与神态"", ""高精度种子""]"
80,毕业册,毕业册,校园物件与暗号,纸面信息,3,3,false,可独立触发“校园物件与暗号”联想的高精度校园意象种子,"[""校园物件与暗号"", ""纸面信息"", ""高精度种子""]"
81,学校天台,学校天台,校园空间与路线,教室内部,3,3,false,可独立触发“校园空间与路线”联想的高精度校园意象种子,"[""校园空间与路线"", ""教室内部"", ""高精度种子""]"
82,递一瓶水,递一瓶水,校园日常互动,学习协作,4,2,false,可独立触发“校园日常互动”联想的高精度校园意象种子,"[""校园日常互动"", ""学习协作"", ""高精度种子""]"
83,雨后跑道,雨后跑道,季节与感官记忆,声音记忆,2,3,false,可独立触发“季节与感官记忆”联想的高精度校园意象种子,"[""季节与感官记忆"", ""声音记忆"", ""高精度种子""]"
84,毕业签名,毕业签名,毕业与离别,毕业仪式,4,2,false,可独立触发“毕业与离别”联想的高精度校园意象种子,"[""毕业与离别"", ""毕业仪式"", ""高精度种子""]"
85,确定恋爱关系,确定恋爱关系,恋爱,恋爱状态,5,0,false,属于“恋爱状态”语义，与“恋爱”主题的关联距离为0级,"[""恋爱"", ""恋爱状态"", ""关系状态""]"
86,伴侣,伴侣,对象与伴侣,伴侣称谓,5,0,false,属于“伴侣称谓”语义，与“对象与伴侣”主题的关联距离为0级,"[""对象与伴侣"", ""伴侣称谓"", ""伴侣""]"
87,当面表达好感,当面表达好感,表白与追求,表达好感,5,0,false,属于“表达好感”语义，与“表白与追求”主题的关联距离为0级,"[""表白与追求"", ""表达好感"", ""表达"", ""好感""]"
88,挽着胳膊走路,挽着胳膊走路,亲密行为,肢体接触,5,0,false,属于“肢体接触”语义，与“亲密行为”主题的关联距离为0级,"[""亲密行为"", ""肢体接触"", ""身体接触""]"
89,领结婚证,领结婚证,婚姻,婚姻事件,4,1,false,属于“婚姻事件”语义，与“婚姻”主题的关联距离为1级,"[""婚姻"", ""婚姻事件"", ""承诺"", ""仪式""]"
90,白色情人节,白色情人节,节日,恋爱节日,5,1,false,属于“恋爱节日”语义，与“节日”主题的关联距离为1级,"[""节日"", ""恋爱节日"", ""纪念""]"
91,暧昧期,暧昧期,网络恋爱语言,关系热词,4,1,false,属于“关系热词”语义，与“网络恋爱语言”主题的关联距离为1级,"[""网络恋爱语言"", ""关系热词"", ""网络用语"", ""关系状态""]"
92,公园长椅,公园长椅,间接语义触发词,地点与座位,3,3,false,属于“地点与座位”语义，与“间接语义触发词”主题的关联距离为3级,"[""间接语义触发词"", ""地点与座位"", ""地点"", ""双人场景""]"
93,发卡,发卡,校园外貌与穿搭,头发与神态,3,3,false,可独立触发“校园外貌与穿搭”联想的高精度校园意象种子,"[""校园外貌与穿搭"", ""头发与神态"", ""高精度种子""]"
94,书签,书签,校园物件与暗号,纸面信息,3,3,false,可独立触发“校园物件与暗号”联想的高精度校园意象种子,"[""校园物件与暗号"", ""纸面信息"", ""高精度种子""]"
95,图书馆书架,图书馆书架,校园空间与路线,教室内部,3,3,false,可独立触发“校园空间与路线”联想的高精度校园意象种子,"[""校园空间与路线"", ""教室内部"", ""高精度种子""]"
96,分享耳机,分享耳机,校园日常互动,学习协作,4,2,false,可独立触发“校园日常互动”联想的高精度校园意象种子,"[""校园日常互动"", ""学习协作"", ""高精度种子""]"
97,风扇声,风扇声,季节与感官记忆,声音记忆,2,3,false,可独立触发“季节与感官记忆”联想的高精度校园意象种子,"[""季节与感官记忆"", ""声音记忆"", ""高精度种子""]"
98,离校广播,离校广播,毕业与离别,毕业仪式,4,2,false,可独立触发“毕业与离别”联想的高精度校园意象种子,"[""毕业与离别"", ""毕业仪式"", ""高精度种子""]"
99,有对象的人,有对象的人,对象与伴侣,伴侣称谓,5,0,false,属于“伴侣称谓”语义，与“对象与伴侣”主题的关联距离为0级,"[""对象与伴侣"", ""伴侣称谓"", ""伴侣""]"
100,写信告白,写信告白,表白与追求,表达好感,5,0,false,属于“表达好感”语义，与“表白与追求”主题的关联距离为0级,"[""表白与追求"", ""表达好感"", ""表达"", ""好感""]"
101,约她看电影,约她看电影,约会,约会邀请,5,0,false,属于“约会邀请”语义，与“约会”主题的关联距离为0级,"[""约会"", ""约会邀请"", ""邀请"", ""见面""]"
102,轻轻摸头,轻轻摸头,亲密行为,肢体接触,5,0,false,属于“肢体接触”语义，与“亲密行为”主题的关联距离为0级,"[""亲密行为"", ""肢体接触"", ""身体接触""]"
103,一直记得初恋,一直记得初恋,恋爱历史,初恋,5,0,false,属于“初恋”语义，与“恋爱历史”主题的关联距离为0级,"[""恋爱历史"", ""初恋"", ""第一次"", ""过去""]"
104,交换婚戒,交换婚戒,婚姻,婚姻事件,4,1,false,属于“婚姻事件”语义，与“婚姻”主题的关联距离为1级,"[""婚姻"", ""婚姻事件"", ""承诺"", ""仪式""]"
105,圣诞约会,圣诞约会,节日,恋爱节日,5,1,false,属于“恋爱节日”语义，与“节日”主题的关联距离为1级,"[""节日"", ""恋爱节日"", ""纪念""]"
106,crush,crush,网络恋爱语言,关系热词,4,1,false,属于“关系热词”语义，与“网络恋爱语言”主题的关联距离为1级,"[""网络恋爱语言"", ""关系热词"", ""网络用语"", ""关系状态""]"
107,有过初恋吗,有过初恋吗,恋爱统计与提问,经历盘问,5,0,false,属于“经历盘问”语义，与“恋爱统计与提问”主题的关联距离为0级,"[""恋爱统计与提问"", ""经历盘问"", ""提问"", ""经历数量""]"
108,江边步道,江边步道,间接语义触发词,地点与座位,3,3,false,属于“地点与座位”语义，与“间接语义触发词”主题的关联距离为3级,"[""间接语义触发词"", ""地点与座位"", ""地点"", ""双人场景""]"
109,校服衣角,校服衣角,校园外貌与穿搭,头发与神态,3,3,false,可独立触发“校园外貌与穿搭”联想的高精度校园意象种子,"[""校园外貌与穿搭"", ""头发与神态"", ""高精度种子""]"
110,第二颗纽扣,第二颗纽扣,校园物件与暗号,纸面信息,3,3,false,可独立触发“校园物件与暗号”联想的高精度校园意象种子,"[""校园物件与暗号"", ""纸面信息"", ""高精度种子""]"
111,校园小卖部,校园小卖部,校园空间与路线,教室内部,3,3,false,可独立触发“校园空间与路线”联想的高精度校园意象种子,"[""校园空间与路线"", ""教室内部"", ""高精度种子""]"
112,替对方带饭,替对方带饭,校园日常互动,学习协作,4,2,false,可独立触发“校园日常互动”联想的高精度校园意象种子,"[""校园日常互动"", ""学习协作"", ""高精度种子""]"
113,粉笔灰,粉笔灰,季节与感官记忆,声音记忆,2,3,false,可独立触发“季节与感官记忆”联想的高精度校园意象种子,"[""季节与感官记忆"", ""声音记忆"", ""高精度种子""]"
114,高考结束,高考结束,毕业与离别,毕业仪式,4,2,false,可独立触发“毕业与离别”联想的高精度校园意象种子,"[""毕业与离别"", ""毕业仪式"", ""高精度种子""]"
115,未来对象,未来对象,对象与伴侣,伴侣称谓,5,0,false,属于“伴侣称谓”语义，与“对象与伴侣”主题的关联距离为0级,"[""对象与伴侣"", ""伴侣称谓"", ""伴侣""]"
116,认真说出喜欢,认真说出喜欢,表白与追求,表达好感,5,0,false,属于“表达好感”语义，与“表白与追求”主题的关联距离为0级,"[""表白与追求"", ""表达好感"", ""表达"", ""好感""]"
117,见面时抱一下,见面时抱一下,亲密行为,肢体接触,5,0,false,属于“肢体接触”语义，与“亲密行为”主题的关联距离为0级,"[""亲密行为"", ""肢体接触"", ""身体接触""]"
118,和初恋重逢,和初恋重逢,恋爱历史,初恋,5,0,false,属于“初恋”语义，与“恋爱历史”主题的关联距离为0级,"[""恋爱历史"", ""初恋"", ""第一次"", ""过去""]"
119,婚礼上的誓言,婚礼上的誓言,婚姻,婚姻事件,4,1,false,属于“婚姻事件”语义，与“婚姻”主题的关联距离为1级,"[""婚姻"", ""婚姻事件"", ""承诺"", ""仪式""]"
120,恋爱纪念日,恋爱纪念日,节日,恋爱节日,5,1,false,属于“恋爱节日”语义，与“节日”主题的关联距离为1级,"[""节日"", ""恋爱节日"", ""纪念""]"
121,帆布鞋,帆布鞋,校园外貌与穿搭,头发与神态,3,3,false,可独立触发“校园外貌与穿搭”联想的高精度校园意象种子,"[""校园外貌与穿搭"", ""头发与神态"", ""高精度种子""]"
122,借书卡,借书卡,校园物件与暗号,纸面信息,3,3,false,可独立触发“校园物件与暗号”联想的高精度校园意象种子,"[""校园物件与暗号"", ""纸面信息"", ""高精度种子""]"
123,放学路,放学路,校园空间与路线,教室内部,3,3,false,可独立触发“校园空间与路线”联想的高精度校园意象种子,"[""校园空间与路线"", ""教室内部"", ""高精度种子""]"
124,课间聊天,课间聊天,校园日常互动,学习协作,4,2,false,可独立触发“校园日常互动”联想的高精度校园意象种子,"[""校园日常互动"", ""学习协作"", ""高精度种子""]"
125,新书油墨味,新书油墨味,季节与感官记忆,声音记忆,2,3,false,可独立触发“季节与感官记忆”联想的高精度校园意象种子,"[""季节与感官记忆"", ""声音记忆"", ""高精度种子""]"
126,录取通知书,录取通知书,毕业与离别,毕业仪式,4,2,false,可独立触发“毕业与离别”联想的高精度校园意象种子,"[""毕业与离别"", ""毕业仪式"", ""高精度种子""]"
127,公开恋爱状态,公开恋爱状态,恋爱,恋爱状态,5,0,false,属于“恋爱状态”语义，与“恋爱”主题的关联距离为0级,"[""恋爱"", ""恋爱状态"", ""关系状态""]"
128,理想伴侣,理想伴侣,对象与伴侣,伴侣称谓,5,0,false,属于“伴侣称谓”语义，与“对象与伴侣”主题的关联距离为0级,"[""对象与伴侣"", ""伴侣称谓"", ""伴侣""]"
129,分别前的拥抱,分别前的拥抱,亲密行为,肢体接触,5,0,false,属于“肢体接触”语义，与“亲密行为”主题的关联距离为0级,"[""亲密行为"", ""肢体接触"", ""身体接触""]"
130,情侣周年,情侣周年,节日,恋爱节日,5,1,false,属于“恋爱节日”语义，与“节日”主题的关联距离为1级,"[""节日"", ""恋爱节日"", ""纪念""]"
131,dating,dating,网络恋爱语言,关系热词,4,1,false,属于“关系热词”语义，与“网络恋爱语言”主题的关联距离为1级,"[""网络恋爱语言"", ""关系热词"", ""网络用语"", ""关系状态""]"
132,被人表白过吗,被人表白过吗,恋爱统计与提问,经历盘问,5,0,false,属于“经历盘问”语义，与“恋爱统计与提问”主题的关联距离为0级,"[""恋爱统计与提问"", ""经历盘问"", ""提问"", ""经历数量""]"
133,校园操场看台,校园操场看台,间接语义触发词,地点与座位,3,3,false,属于“地点与座位”语义，与“间接语义触发词”主题的关联距离为3级,"[""间接语义触发词"", ""地点与座位"", ""地点"", ""双人场景""]"
134,对象引用为空,对象引用为空,荒诞扩散区,技术对象,1,4,true,属于“技术对象”语义，与“荒诞扩散区”主题的关联距离为4级,"[""荒诞扩散区"", ""技术对象"", ""对象双关"", ""技术""]"
135,黑框眼镜,黑框眼镜,校园外貌与穿搭,头发与神态,3,3,false,可独立触发“校园外貌与穿搭”联想的高精度校园意象种子,"[""校园外貌与穿搭"", ""头发与神态"", ""高精度种子""]"
136,草稿纸,草稿纸,校园物件与暗号,纸面信息,3,3,false,可独立触发“校园物件与暗号”联想的高精度校园意象种子,"[""校园物件与暗号"", ""纸面信息"", ""高精度种子""]"
137,校门口,校门口,校园空间与路线,教室内部,3,3,false,可独立触发“校园空间与路线”联想的高精度校园意象种子,"[""校园空间与路线"", ""教室内部"", ""高精度种子""]"
138,互相对答案,互相对答案,校园日常互动,学习协作,4,2,false,可独立触发“校园日常互动”联想的高精度校园意象种子,"[""校园日常互动"", ""学习协作"", ""高精度种子""]"
139,洗衣粉香,洗衣粉香,季节与感官记忆,声音记忆,2,3,false,可独立触发“季节与感官记忆”联想的高精度校园意象种子,"[""季节与感官记忆"", ""声音记忆"", ""高精度种子""]"
140,各奔东西,各奔东西,毕业与离别,毕业仪式,4,2,false,可独立触发“毕业与离别”联想的高精度校园意象种子,"[""毕业与离别"", ""毕业仪式"", ""高精度种子""]"
141,身边的那个人,身边的那个人,对象与伴侣,伴侣称谓,5,0,false,属于“伴侣称谓”语义，与“对象与伴侣”主题的关联距离为0级,"[""对象与伴侣"", ""伴侣称谓"", ""伴侣""]"
142,约在咖啡店见,约在咖啡店见,约会,约会邀请,5,0,false,属于“约会邀请”语义，与“约会”主题的关联距离为0级,"[""约会"", ""约会邀请"", ""邀请"", ""见面""]"
143,参加同学婚礼,参加同学婚礼,婚姻,婚姻事件,4,1,false,属于“婚姻事件”语义，与“婚姻”主题的关联距离为1级,"[""婚姻"", ""婚姻事件"", ""承诺"", ""仪式""]"
144,双向奔赴,双向奔赴,网络恋爱语言,关系热词,4,1,false,属于“关系热词”语义，与“网络恋爱语言”主题的关联距离为1级,"[""网络恋爱语言"", ""关系热词"", ""网络用语"", ""关系状态""]"
145,选择操作对象,选择操作对象,荒诞扩散区,技术对象,1,4,true,属于“技术对象”语义，与“荒诞扩散区”主题的关联距离为4级,"[""荒诞扩散区"", ""技术对象"", ""对象双关"", ""技术""]"
146,运动服,运动服,校园外貌与穿搭,头发与神态,3,3,false,可独立触发“校园外貌与穿搭”联想的高精度校园意象种子,"[""校园外貌与穿搭"", ""头发与神态"", ""高精度种子""]"
147,课程表,课程表,校园物件与暗号,纸面信息,3,3,false,可独立触发“校园物件与暗号”联想的高精度校园意象种子,"[""校园物件与暗号"", ""纸面信息"", ""高精度种子""]"
148,公交站,公交站,校园空间与路线,教室内部,3,3,false,可独立触发“校园空间与路线”联想的高精度校园意象种子,"[""校园空间与路线"", ""教室内部"", ""高精度种子""]"
149,一起搬书,一起搬书,校园日常互动,学习协作,4,2,false,可独立触发“校园日常互动”联想的高精度校园意象种子,"[""校园日常互动"", ""学习协作"", ""高精度种子""]"
150,冬日热水杯,冬日热水杯,季节与感官记忆,声音记忆,2,3,false,可独立触发“季节与感官记忆”联想的高精度校园意象种子,"[""季节与感官记忆"", ""声音记忆"", ""高精度种子""]"
151,重回母校,重回母校,毕业与离别,毕业仪式,4,2,false,可独立触发“毕业与离别”联想的高精度校园意象种子,"[""毕业与离别"", ""毕业仪式"", ""高精度种子""]"
152,恋爱关系成立,恋爱关系成立,恋爱,恋爱状态,5,0,false,属于“恋爱状态”语义，与“恋爱”主题的关联距离为0级,"[""恋爱"", ""恋爱状态"", ""关系状态""]"
153,把暗恋说出口,把暗恋说出口,表白与追求,表达好感,5,0,false,属于“表达好感”语义，与“表白与追求”主题的关联距离为0级,"[""表白与追求"", ""表达好感"", ""表达"", ""好感""]"
154,依偎在一起,依偎在一起,亲密行为,肢体接触,5,0,false,属于“肢体接触”语义，与“亲密行为”主题的关联距离为0级,"[""亲密行为"", ""肢体接触"", ""身体接触""]"
155,纯爱战神,纯爱战神,网络恋爱语言,关系热词,4,1,false,属于“关系热词”语义，与“网络恋爱语言”主题的关联距离为1级,"[""网络恋爱语言"", ""关系热词"", ""网络用语"", ""关系状态""]"
156,序列化对象,序列化对象,荒诞扩散区,技术对象,1,4,true,属于“技术对象”语义，与“荒诞扩散区”主题的关联距离为4级,"[""荒诞扩散区"", ""技术对象"", ""对象双关"", ""技术""]"
157,大学恋爱,大学恋爱,校园恋爱,大学恋爱,5,0,false,属于“大学恋爱”语义，与“校园恋爱”主题的关联距离为0级,"[""校园恋爱"", ""大学恋爱"", ""大学"", ""校园""]"
158,恋爱的感觉,恋爱的感觉,恋爱,恋爱体验,5,0,false,属于“恋爱体验”语义，与“恋爱”主题的关联距离为0级,"[""恋爱"", ""恋爱体验"", ""情感体验""]"
159,脱单,脱单,对象与伴侣,脱单状态,5,0,false,属于“脱单状态”语义，与“对象与伴侣”主题的关联距离为0级,"[""对象与伴侣"", ""脱单状态"", ""单身"", ""状态变化""]"
160,暗恋,暗恋,表白与追求,暗恋,4,1,false,属于“暗恋”语义，与“表白与追求”主题的关联距离为1级,"[""表白与追求"", ""暗恋"", ""单向好感""]"
161,两个人吃晚饭,两个人吃晚饭,约会,约会活动,4,1,false,属于“约会活动”语义，与“约会”主题的关联距离为1级,"[""约会"", ""约会活动"", ""双人活动""]"
162,接吻,接吻,亲密行为,亲吻,5,0,false,属于“亲吻”语义，与“亲密行为”主题的关联距离为0级,"[""亲密行为"", ""亲吻"", ""同意""]"
163,前任,前任,恋爱历史,前任,4,1,false,属于“前任”语义，与“恋爱历史”主题的关联距离为1级,"[""恋爱历史"", ""前任"", ""过去关系"", ""分手""]"
164,室友脱单了,室友脱单了,社会比较,室友同学,5,0,false,属于“室友同学”语义，与“社会比较”主题的关联距离为0级,"[""社会比较"", ""室友同学"", ""室友"", ""同学""]"
165,收到好人卡,收到好人卡,被拒绝,委婉拒绝,5,1,false,属于“委婉拒绝”语义，与“被拒绝”主题的关联距离为1级,"[""被拒绝"", ""委婉拒绝"", ""委婉表达"", ""疏远""]"
166,情商,情商,吸引力与自我评价,社交能力,4,1,false,属于“社交能力”语义，与“吸引力与自我评价”主题的关联距离为1级,"[""吸引力与自我评价"", ""社交能力"", ""聊天""]"
167,老婆,老婆,婚姻,婚姻身份,4,1,false,属于“婚姻身份”语义，与“婚姻”主题的关联距离为1级,"[""婚姻"", ""婚姻身份"", ""配偶"", ""家庭""]"
168,情人节送玫瑰,情人节送玫瑰,节日,节日行为,4,2,false,属于“节日行为”语义，与“节日”主题的关联距离为2级,"[""节日"", ""节日行为"", ""礼物"", ""庆祝""]"
169,换情侣头像,换情侣头像,网络恋爱语言,网络互动,4,2,false,属于“网络互动”语义，与“网络恋爱语言”主题的关联距离为2级,"[""网络恋爱语言"", ""网络互动"", ""社交平台"", ""数字亲密""]"
170,现在有对象吗,现在有对象吗,恋爱统计与提问,状态追问,5,0,false,属于“状态追问”语义，与“恋爱统计与提问”主题的关联距离为0级,"[""恋爱统计与提问"", ""状态追问"", ""状态"", ""隐私提问""]"
171,玫瑰花,玫瑰花,间接语义触发词,物件与符号,3,3,false,属于“物件与符号”语义，与“间接语义触发词”主题的关联距离为3级,"[""间接语义触发词"", ""物件与符号"", ""物件"", ""关系符号""]"
172,青春遗憾,青春遗憾,高阶语义关联,青春遗憾,4,2,false,属于“青春遗憾”语义，与“高阶语义关联”主题的关联距离为2级,"[""高阶语义关联"", ""青春遗憾"", ""遗憾"", ""回忆""]"
173,大一就脱单,大一就脱单,校园恋爱,大学恋爱,5,0,false,属于“大学恋爱”语义，与“校园恋爱”主题的关联距离为0级,"[""校园恋爱"", ""大学恋爱"", ""大学"", ""校园""]"
174,成功脱单,成功脱单,对象与伴侣,脱单状态,5,0,false,属于“脱单状态”语义，与“对象与伴侣”主题的关联距离为0级,"[""对象与伴侣"", ""脱单状态"", ""单身"", ""状态变化""]"
175,一起看电影,一起看电影,约会,约会活动,4,1,false,属于“约会活动”语义，与“约会”主题的关联距离为1级,"[""约会"", ""约会活动"", ""双人活动""]"
176,初吻,初吻,亲密行为,亲吻,5,0,false,属于“亲吻”语义，与“亲密行为”主题的关联距离为0级,"[""亲密行为"", ""亲吻"", ""同意""]"
177,前女友,前女友,恋爱历史,前任,4,1,false,属于“前任”语义，与“恋爱历史”主题的关联距离为1级,"[""恋爱历史"", ""前任"", ""过去关系"", ""分手""]"
178,会不会聊天,会不会聊天,吸引力与自我评价,社交能力,4,1,false,属于“社交能力”语义，与“吸引力与自我评价”主题的关联距离为1级,"[""吸引力与自我评价"", ""社交能力"", ""聊天""]"
179,妻子,妻子,婚姻,婚姻身份,4,1,false,属于“婚姻身份”语义，与“婚姻”主题的关联距离为1级,"[""婚姻"", ""婚姻身份"", ""配偶"", ""家庭""]"
180,设置恋爱状态,设置恋爱状态,网络恋爱语言,网络互动,4,2,false,属于“网络互动”语义，与“网络恋爱语言”主题的关联距离为2级,"[""网络恋爱语言"", ""网络互动"", ""社交平台"", ""数字亲密""]"
181,为什么还单身,为什么还单身,恋爱统计与提问,状态追问,5,0,false,属于“状态追问”语义，与“恋爱统计与提问”主题的关联距离为0级,"[""恋爱统计与提问"", ""状态追问"", ""状态"", ""隐私提问""]"
182,情侣装,情侣装,间接语义触发词,物件与符号,3,3,false,属于“物件与符号”语义，与“间接语义触发词”主题的关联距离为3级,"[""间接语义触发词"", ""物件与符号"", ""物件"", ""关系符号""]"
183,错过青春,错过青春,高阶语义关联,青春遗憾,4,2,false,属于“青春遗憾”语义，与“高阶语义关联”主题的关联距离为2级,"[""高阶语义关联"", ""青春遗憾"", ""遗憾"", ""回忆""]"
184,体验一次恋爱,体验一次恋爱,恋爱,恋爱体验,5,0,false,属于“恋爱体验”语义，与“恋爱”主题的关联距离为0级,"[""恋爱"", ""恋爱体验"", ""情感体验""]"
185,结束单身,结束单身,对象与伴侣,脱单状态,5,0,false,属于“脱单状态”语义，与“对象与伴侣”主题的关联距离为0级,"[""对象与伴侣"", ""脱单状态"", ""单身"", ""状态变化""]"
186,并肩散步,并肩散步,约会,约会活动,4,1,false,属于“约会活动”语义，与“约会”主题的关联距离为1级,"[""约会"", ""约会活动"", ""双人活动""]"
187,亲额头,亲额头,亲密行为,亲吻,5,0,false,属于“亲吻”语义，与“亲密行为”主题的关联距离为0级,"[""亲密行为"", ""亲吻"", ""同意""]"
188,前男友,前男友,恋爱历史,前任,4,1,false,属于“前任”语义，与“恋爱历史”主题的关联距离为1级,"[""恋爱历史"", ""前任"", ""过去关系"", ""分手""]"
189,同桌收到情书,同桌收到情书,社会比较,室友同学,5,0,false,属于“室友同学”语义，与“社会比较”主题的关联距离为0级,"[""社会比较"", ""室友同学"", ""室友"", ""同学""]"
190,丈夫,丈夫,婚姻,婚姻身份,4,1,false,属于“婚姻身份”语义，与“婚姻”主题的关联距离为1级,"[""婚姻"", ""婚姻身份"", ""配偶"", ""家庭""]"
191,520发红包,520发红包,节日,节日行为,4,2,false,属于“节日行为”语义，与“节日”主题的关联距离为2级,"[""节日"", ""节日行为"", ""礼物"", ""庆祝""]"
192,情侣头像,情侣头像,间接语义触发词,物件与符号,3,3,false,属于“物件与符号”语义，与“间接语义触发词”主题的关联距离为3级,"[""间接语义触发词"", ""物件与符号"", ""物件"", ""关系符号""]"
193,不再是单身,不再是单身,对象与伴侣,脱单状态,5,0,false,属于“脱单状态”语义，与“对象与伴侣”主题的关联距离为0级,"[""对象与伴侣"", ""脱单状态"", ""单身"", ""状态变化""]"
194,逛游乐园,逛游乐园,约会,约会活动,4,1,false,属于“约会活动”语义，与“约会”主题的关联距离为1级,"[""约会"", ""约会活动"", ""双人活动""]"
195,亲脸颊,亲脸颊,亲密行为,亲吻,5,0,false,属于“亲吻”语义，与“亲密行为”主题的关联距离为0级,"[""亲密行为"", ""亲吻"", ""同意""]"
196,上一段关系,上一段关系,恋爱历史,前任,4,1,false,属于“前任”语义，与“恋爱历史”主题的关联距离为1级,"[""恋爱历史"", ""前任"", ""过去关系"", ""分手""]"
197,同学谈恋爱了,同学谈恋爱了,社会比较,室友同学,5,0,false,属于“室友同学”语义，与“社会比较”主题的关联距离为0级,"[""社会比较"", ""室友同学"", ""室友"", ""同学""]"
198,聊天总是冷场,聊天总是冷场,吸引力与自我评价,社交能力,4,1,false,属于“社交能力”语义，与“吸引力与自我评价”主题的关联距离为1级,"[""吸引力与自我评价"", ""社交能力"", ""聊天""]"
199,未婚妻,未婚妻,婚姻,婚姻身份,4,1,false,属于“婚姻身份”语义，与“婚姻”主题的关联距离为1级,"[""婚姻"", ""婚姻身份"", ""配偶"", ""家庭""]"
200,节日收到告白,节日收到告白,节日,节日行为,4,2,false,属于“节日行为”语义，与“节日”主题的关联距离为2级,"[""节日"", ""节日行为"", ""礼物"", ""庆祝""]"
201,双人份奶茶,双人份奶茶,间接语义触发词,物件与符号,3,3,false,属于“物件与符号”语义，与“间接语义触发词”主题的关联距离为3级,"[""间接语义触发词"", ""物件与符号"", ""物件"", ""关系符号""]"
202,喜欢得到回应,喜欢得到回应,恋爱,恋爱体验,5,0,false,属于“恋爱体验”语义，与“恋爱”主题的关联距离为0级,"[""恋爱"", ""恋爱体验"", ""情感体验""]"
203,终于有对象了,终于有对象了,对象与伴侣,脱单状态,5,0,false,属于“脱单状态”语义，与“对象与伴侣”主题的关联距离为0级,"[""对象与伴侣"", ""脱单状态"", ""单身"", ""状态变化""]"
204,去公园野餐,去公园野餐,约会,约会活动,4,1,false,属于“约会活动”语义，与“约会”主题的关联距离为1级,"[""约会"", ""约会活动"", ""双人活动""]"
205,第一次接吻,第一次接吻,亲密行为,亲吻,5,0,false,属于“亲吻”语义，与“亲密行为”主题的关联距离为0级,"[""亲密行为"", ""亲吻"", ""同意""]"
206,和前任分手,和前任分手,恋爱历史,前任,4,1,false,属于“前任”语义，与“恋爱历史”主题的关联距离为1级,"[""恋爱历史"", ""前任"", ""过去关系"", ""分手""]"
207,未婚夫,未婚夫,婚姻,婚姻身份,4,1,false,属于“婚姻身份”语义，与“婚姻”主题的关联距离为1级,"[""婚姻"", ""婚姻身份"", ""配偶"", ""家庭""]"
208,电影票根,电影票根,间接语义触发词,物件与符号,3,3,false,属于“物件与符号”语义，与“间接语义触发词”主题的关联距离为3级,"[""间接语义触发词"", ""物件与符号"", ""物件"", ""关系符号""]"
209,脱单线程任务,脱单线程任务,荒诞扩散区,字面拆解,1,4,true,属于“字面拆解”语义，与“荒诞扩散区”主题的关联距离为4级,"[""荒诞扩散区"", ""字面拆解"", ""字面双关"", ""语言游戏""]"
210,图书馆情侣座,图书馆情侣座,校园恋爱,大学恋爱,5,0,false,属于“大学恋爱”语义，与“校园恋爱”主题的关联距离为0级,"[""校园恋爱"", ""大学恋爱"", ""大学"", ""校园""]"
211,有人分享日常,有人分享日常,恋爱,恋爱体验,5,0,false,属于“恋爱体验”语义，与“恋爱”主题的关联距离为0级,"[""恋爱"", ""恋爱体验"", ""情感体验""]"
212,单身状态结束,单身状态结束,对象与伴侣,脱单状态,5,0,false,属于“脱单状态”语义，与“对象与伴侣”主题的关联距离为0级,"[""对象与伴侣"", ""脱单状态"", ""单身"", ""状态变化""]"
213,暗恋很久,暗恋很久,表白与追求,暗恋,4,1,false,属于“暗恋”语义，与“表白与追求”主题的关联距离为1级,"[""表白与追求"", ""暗恋"", ""单向好感""]"
214,一起做手工,一起做手工,约会,约会活动,4,1,false,属于“约会活动”语义，与“约会”主题的关联距离为1级,"[""约会"", ""约会活动"", ""双人活动""]"
215,偶然提起前任,偶然提起前任,恋爱历史,前任,4,1,false,属于“前任”语义，与“恋爱历史”主题的关联距离为1级,"[""恋爱历史"", ""前任"", ""过去关系"", ""分手""]"
216,成为合法伴侣,成为合法伴侣,婚姻,婚姻身份,4,1,false,属于“婚姻身份”语义，与“婚姻”主题的关联距离为1级,"[""婚姻"", ""婚姻身份"", ""配偶"", ""家庭""]"
217,预订双人晚餐,预订双人晚餐,节日,节日行为,4,2,false,属于“节日行为”语义，与“节日”主题的关联距离为2级,"[""节日"", ""节日行为"", ""礼物"", ""庆祝""]"
218,连麦到深夜,连麦到深夜,网络恋爱语言,网络互动,4,2,false,属于“网络互动”语义，与“网络恋爱语言”主题的关联距离为2级,"[""网络恋爱语言"", ""网络互动"", ""社交平台"", ""数字亲密""]"
219,手写情书,手写情书,间接语义触发词,物件与符号,3,3,false,属于“物件与符号”语义，与“间接语义触发词”主题的关联距离为3级,"[""间接语义触发词"", ""物件与符号"", ""物件"", ""关系符号""]"
220,单方面心动,单方面心动,表白与追求,暗恋,4,1,false,属于“暗恋”语义，与“表白与追求”主题的关联距离为1级,"[""表白与追求"", ""暗恋"", ""单向好感""]"
221,告别吻,告别吻,亲密行为,亲吻,5,0,false,属于“亲吻”语义，与“亲密行为”主题的关联距离为0级,"[""亲密行为"", ""亲吻"", ""同意""]"
222,交换手写贺卡,交换手写贺卡,节日,节日行为,4,2,false,属于“节日行为”语义，与“节日”主题的关联距离为2级,"[""节日"", ""节日行为"", ""礼物"", ""庆祝""]"
223,成对的钥匙扣,成对的钥匙扣,间接语义触发词,物件与符号,3,3,false,属于“物件与符号”语义，与“间接语义触发词”主题的关联距离为3级,"[""间接语义触发词"", ""物件与符号"", ""物件"", ""关系符号""]"
224,找到女朋友,找到女友,对象与伴侣,脱单状态,5,0,false,属于“脱单状态”语义，与“对象与伴侣”主题的关联距离为0级,"[""对象与伴侣"", ""脱单状态"", ""单身"", ""状态变化""]"
225,夜里沿河散步,夜里沿河散步,约会,约会活动,4,1,false,属于“约会活动”语义，与“约会”主题的关联距离为1级,"[""约会"", ""约会活动"", ""双人活动""]"
226,共享耳机,共享耳机,间接语义触发词,物件与符号,3,3,false,属于“物件与符号”语义，与“间接语义触发词”主题的关联距离为3级,"[""间接语义触发词"", ""物件与符号"", ""物件"", ""关系符号""]"
227,共同经营感情,共同经营感情,恋爱,恋爱体验,5,0,false,属于“恋爱体验”语义，与“恋爱”主题的关联距离为0级,"[""恋爱"", ""恋爱体验"", ""情感体验""]"
228,拥有稳定对象,拥有稳定对象,对象与伴侣,脱单状态,5,0,false,属于“脱单状态”语义，与“对象与伴侣”主题的关联距离为0级,"[""对象与伴侣"", ""脱单状态"", ""单身"", ""状态变化""]"
229,周末去郊外玩,周末去郊外玩,约会,约会活动,4,1,false,属于“约会活动”语义，与“约会”主题的关联距离为1级,"[""约会"", ""约会活动"", ""双人活动""]"
230,把聊天置顶,把聊天置顶,网络恋爱语言,网络互动,4,2,false,属于“网络互动”语义，与“网络恋爱语言”主题的关联距离为2级,"[""网络恋爱语言"", ""网络互动"", ""社交平台"", ""数字亲密""]"
231,戒指尺寸,戒指尺寸,间接语义触发词,物件与符号,3,3,false,属于“物件与符号”语义，与“间接语义触发词”主题的关联距离为3级,"[""间接语义触发词"", ""物件与符号"", ""物件"", ""关系符号""]"
232,双方主动靠近,双方主动靠近,亲密行为,亲吻,5,0,false,属于“亲吻”语义，与“亲密行为”主题的关联距离为0级,"[""亲密行为"", ""亲吻"", ""同意""]"
233,共同组建家庭,共同组建家庭,婚姻,婚姻身份,4,1,false,属于“婚姻身份”语义，与“婚姻”主题的关联距离为1级,"[""婚姻"", ""婚姻身份"", ""配偶"", ""家庭""]"
234,一起跨年倒数,一起跨年倒数,节日,节日行为,4,2,false,属于“节日行为”语义，与“节日”主题的关联距离为2级,"[""节日"", ""节日行为"", ""礼物"", ""庆祝""]"
235,合照相框,合照相框,间接语义触发词,物件与符号,3,3,false,属于“物件与符号”语义，与“间接语义触发词”主题的关联距离为3级,"[""间接语义触发词"", ""物件与符号"", ""物件"", ""关系符号""]"
236,喜欢上同桌,喜欢上同桌,校园恋爱,校园角色,4,2,false,属于“校园角色”语义，与“校园恋爱”主题的关联距离为2级,"[""校园恋爱"", ""校园角色"", ""同学"", ""校园场景""]"
237,从认识到恋爱,从认识到恋爱,恋爱,关系发展,4,1,false,属于“关系发展”语义，与“恋爱”主题的关联距离为1级,"[""恋爱"", ""关系发展"", ""关系进展""]"
238,找对象,找对象,对象与伴侣,寻找对象,4,1,false,属于“寻找对象”语义，与“对象与伴侣”主题的关联距离为1级,"[""对象与伴侣"", ""寻找对象"", ""择偶"", ""社交""]"
239,追女生,追女生,表白与追求,追求过程,4,1,false,属于“追求过程”语义，与“表白与追求”主题的关联距离为1级,"[""表白与追求"", ""追求过程"", ""主动行动""]"
240,尊重亲密边界,尊重亲密边界,亲密行为,亲密边界,4,2,false,属于“亲密边界”语义，与“亲密行为”主题的关联距离为2级,"[""亲密行为"", ""亲密边界"", ""边界"", ""明确同意""]"
241,感情史,感情史,恋爱历史,经历盘点,5,0,false,属于“经历盘点”语义，与“恋爱历史”主题的关联距离为0级,"[""恋爱历史"", ""经历盘点"", ""经历"", ""盘点""]"
242,刷到情侣合照,刷到情侣合照,社会比较,社交展示,4,2,false,属于“社交展示”语义，与“社会比较”主题的关联距离为2级,"[""社会比较"", ""社交展示"", ""社交媒体"", ""情侣展示""]"
243,异性缘,异性缘,吸引力与自我评价,被喜欢可能,5,1,false,属于“被喜欢可能”语义，与“吸引力与自我评价”主题的关联距离为1级,"[""吸引力与自我评价"", ""被喜欢可能"", ""魅力"", ""自我评价""]"
244,成家,成家,婚姻,成家计划,3,2,false,属于“成家计划”语义，与“婚姻”主题的关联距离为2级,"[""婚姻"", ""成家计划"", ""未来规划"", ""催婚""]"
245,什么时候脱单,什么时候脱单,恋爱统计与提问,时间预测,4,1,false,属于“时间预测”语义，与“恋爱统计与提问”主题的关联距离为1级,"[""恋爱统计与提问"", ""时间预测"", ""时间"", ""预测""]"
246,夜晚散步,夜晚散步,间接语义触发词,日常氛围,3,3,false,属于“日常氛围”语义，与“间接语义触发词”主题的关联距离为3级,"[""间接语义触发词"", ""日常氛围"", ""氛围"", ""陪伴""]"
247,被坚定选择,被坚定选择,高阶语义关联,存在与归属,3,3,false,属于“存在与归属”语义，与“高阶语义关联”主题的关联距离为3级,"[""高阶语义关联"", ""存在与归属"", ""归属"", ""自我接纳""]"
248,想找女朋友,想找女友,对象与伴侣,寻找对象,4,1,false,属于“寻找对象”语义，与“对象与伴侣”主题的关联距离为1级,"[""对象与伴侣"", ""寻找对象"", ""择偶"", ""社交""]"
249,恋爱经历,恋爱经历,恋爱历史,经历盘点,5,0,false,属于“经历盘点”语义，与“恋爱历史”主题的关联距离为0级,"[""恋爱历史"", ""经历盘点"", ""经历"", ""盘点""]"
250,青春快结束了,青春快结束了,时间与年龄焦虑,青春倒计时,4,2,false,属于“青春倒计时”语义，与“时间与年龄焦虑”主题的关联距离为2级,"[""时间与年龄焦虑"", ""青春倒计时"", ""青春"", ""时间焦虑""]"
251,桃花运,桃花运,吸引力与自我评价,被喜欢可能,5,1,false,属于“被喜欢可能”语义，与“吸引力与自我评价”主题的关联距离为1级,"[""吸引力与自我评价"", ""被喜欢可能"", ""魅力"", ""自我评价""]"
252,考虑长期关系,考虑长期关系,婚姻,成家计划,3,2,false,属于“成家计划”语义，与“婚姻”主题的关联距离为2级,"[""婚姻"", ""成家计划"", ""未来规划"", ""催婚""]"
253,晚风和路灯,晚风和路灯,间接语义触发词,日常氛围,3,3,false,属于“日常氛围”语义，与“间接语义触发词”主题的关联距离为3级,"[""间接语义触发词"", ""日常氛围"", ""氛围"", ""陪伴""]"
254,学妹约我吃饭,学妹约我吃饭,校园恋爱,校园角色,4,2,false,属于“校园角色”语义，与“校园恋爱”主题的关联距离为2级,"[""校园恋爱"", ""校园角色"", ""同学"", ""校园场景""]"
255,关系更进一步,关系更进一步,恋爱,关系发展,4,1,false,属于“关系发展”语义，与“恋爱”主题的关联距离为1级,"[""恋爱"", ""关系发展"", ""关系进展""]"
256,认识合适的人,认识合适的人,对象与伴侣,寻找对象,4,1,false,属于“寻找对象”语义，与“对象与伴侣”主题的关联距离为1级,"[""对象与伴侣"", ""寻找对象"", ""择偶"", ""社交""]"
257,制造见面机会,制造见面机会,表白与追求,追求过程,4,1,false,属于“追求过程”语义，与“表白与追求”主题的关联距离为1级,"[""表白与追求"", ""追求过程"", ""主动行动""]"
258,过去谈过几次,过去谈过几次,恋爱历史,经历盘点,5,0,false,属于“经历盘点”语义，与“恋爱历史”主题的关联距离为0级,"[""恋爱历史"", ""经历盘点"", ""经历"", ""盘点""]"
259,讨论婚后生活,讨论婚后生活,婚姻,成家计划,3,2,false,属于“成家计划”语义，与“婚姻”主题的关联距离为2级,"[""婚姻"", ""成家计划"", ""未来规划"", ""催婚""]"
260,副驾驶有人坐,副驾驶有人坐,间接语义触发词,日常氛围,3,3,false,属于“日常氛围”语义，与“间接语义触发词”主题的关联距离为3级,"[""间接语义触发词"", ""日常氛围"", ""氛围"", ""陪伴""]"
261,隔壁班的女生,隔壁班的女生,校园恋爱,校园角色,4,2,false,属于“校园角色”语义，与“校园恋爱”主题的关联距离为2级,"[""校园恋爱"", ""校园角色"", ""同学"", ""校园场景""]"
262,确认彼此心意,确认彼此心意,恋爱,关系发展,4,1,false,属于“关系发展”语义，与“恋爱”主题的关联距离为1级,"[""恋爱"", ""关系发展"", ""关系进展""]"
263,寻找恋爱对象,寻找恋爱对象,对象与伴侣,寻找对象,4,1,false,属于“寻找对象”语义，与“对象与伴侣”主题的关联距离为1级,"[""对象与伴侣"", ""寻找对象"", ""择偶"", ""社交""]"
264,试着拉近距离,试着拉近距离,表白与追求,追求过程,4,1,false,属于“追求过程”语义，与“表白与追求”主题的关联距离为1级,"[""表白与追求"", ""追求过程"", ""主动行动""]"
265,一起规划未来,一起规划未来,婚姻,成家计划,3,2,false,属于“成家计划”语义，与“婚姻”主题的关联距离为2级,"[""婚姻"", ""成家计划"", ""未来规划"", ""催婚""]"
266,开始认真交往,开始认真交往,恋爱,关系发展,4,1,false,属于“关系发展”语义，与“恋爱”主题的关联距离为1级,"[""恋爱"", ""关系发展"", ""关系进展""]"
267,朋友介绍对象,朋友介绍对象,对象与伴侣,寻找对象,4,1,false,属于“寻找对象”语义，与“对象与伴侣”主题的关联距离为1级,"[""对象与伴侣"", ""寻找对象"", ""择偶"", ""社交""]"
268,见双方父母,见双方父母,婚姻,成家计划,3,2,false,属于“成家计划”语义，与“婚姻”主题的关联距离为2级,"[""婚姻"", ""成家计划"", ""未来规划"", ""催婚""]"
269,建立稳定关系,建立稳定关系,恋爱,关系发展,4,1,false,属于“关系发展”语义，与“恋爱”主题的关联距离为1级,"[""恋爱"", ""关系发展"", ""关系进展""]"
270,相亲认识对象,相亲认识对象,对象与伴侣,寻找对象,4,1,false,属于“寻找对象”语义，与“对象与伴侣”主题的关联距离为1级,"[""对象与伴侣"", ""寻找对象"", ""择偶"", ""社交""]"
271,感情逐渐升温,感情逐渐升温,恋爱,关系发展,4,1,false,属于“关系发展”语义，与“恋爱”主题的关联距离为1级,"[""恋爱"", ""关系发展"", ""关系进展""]"
272,被人认真追求,被人认真追求,表白与追求,追求过程,4,1,false,属于“追求过程”语义，与“表白与追求”主题的关联距离为1级,"[""表白与追求"", ""追求过程"", ""主动行动""]"
273,朋友开始催婚,朋友开始催婚,婚姻,成家计划,3,2,false,属于“成家计划”语义，与“婚姻”主题的关联距离为2级,"[""婚姻"", ""成家计划"", ""未来规划"", ""催婚""]"
274,寻找长期伴侣,寻找长期伴侣,对象与伴侣,寻找对象,4,1,false,属于“寻找对象”语义，与“对象与伴侣”主题的关联距离为1级,"[""对象与伴侣"", ""寻找对象"", ""择偶"", ""社交""]"
275,额前刘海,额前刘海,校园外貌与穿搭,头发与神态,3,3,false,从现有长句中的校园意象拆解出的核心词汇,"[""校园外貌与穿搭"", ""头发与神态"", ""核心词汇""]"
276,齐刘海,齐刘海,校园外貌与穿搭,头发与神态,3,3,false,从现有长句中的校园意象拆解出的核心词汇,"[""校园外貌与穿搭"", ""头发与神态"", ""核心词汇""]"
277,碎刘海,碎刘海,校园外貌与穿搭,头发与神态,3,3,false,从现有长句中的校园意象拆解出的核心词汇,"[""校园外貌与穿搭"", ""头发与神态"", ""核心词汇""]"
278,扎马尾,扎马尾,校园外貌与穿搭,头发与神态,3,3,false,从现有长句中的校园意象拆解出的核心词汇,"[""校园外貌与穿搭"", ""头发与神态"", ""核心词汇""]"
279,高马尾,高马尾,校园外貌与穿搭,头发与神态,3,3,false,从现有长句中的校园意象拆解出的核心词汇,"[""校园外貌与穿搭"", ""头发与神态"", ""核心词汇""]"
280,发梢,发梢,校园外貌与穿搭,头发与神态,3,3,false,从现有长句中的校园意象拆解出的核心词汇,"[""校园外貌与穿搭"", ""头发与神态"", ""核心词汇""]"
281,酒窝,酒窝,校园外貌与穿搭,头发与神态,3,3,false,从现有长句中的校园意象拆解出的核心词汇,"[""校园外貌与穿搭"", ""头发与神态"", ""核心词汇""]"
282,低头笑,低头笑,校园外貌与穿搭,头发与神态,3,3,false,从现有长句中的校园意象拆解出的核心词汇,"[""校园外貌与穿搭"", ""头发与神态"", ""核心词汇""]"
283,校服外套,校服外套,校园外貌与穿搭,头发与神态,3,3,false,从现有长句中的校园意象拆解出的核心词汇,"[""校园外貌与穿搭"", ""头发与神态"", ""核心词汇""]"
284,校服领口,校服领口,校园外貌与穿搭,头发与神态,3,3,false,从现有长句中的校园意象拆解出的核心词汇,"[""校园外貌与穿搭"", ""头发与神态"", ""核心词汇""]"
285,校服袖口,校服袖口,校园外貌与穿搭,头发与神态,3,3,false,从现有长句中的校园意象拆解出的核心词汇,"[""校园外貌与穿搭"", ""头发与神态"", ""核心词汇""]"
286,班级号码,班级号码,校园外貌与穿搭,头发与神态,3,3,false,从现有长句中的校园意象拆解出的核心词汇,"[""校园外貌与穿搭"", ""头发与神态"", ""核心词汇""]"
287,衣摆,衣摆,校园外貌与穿搭,头发与神态,3,3,false,从现有长句中的校园意象拆解出的核心词汇,"[""校园外貌与穿搭"", ""头发与神态"", ""核心词汇""]"
288,球鞋,球鞋,校园外貌与穿搭,头发与神态,3,3,false,从现有长句中的校园意象拆解出的核心词汇,"[""校园外貌与穿搭"", ""头发与神态"", ""核心词汇""]"
289,红脸,红脸,校园外貌与穿搭,头发与神态,3,3,false,从现有长句中的校园意象拆解出的核心词汇,"[""校园外貌与穿搭"", ""头发与神态"", ""核心词汇""]"
290,扎头发,扎头发,校园外貌与穿搭,头发与神态,3,3,false,从现有长句中的校园意象拆解出的核心词汇,"[""校园外貌与穿搭"", ""头发与神态"", ""核心词汇""]"
291,别头发,别头发,校园外貌与穿搭,头发与神态,3,3,false,从现有长句中的校园意象拆解出的核心词汇,"[""校园外貌与穿搭"", ""头发与神态"", ""核心词汇""]"
292,少年感,少年感,校园外貌与穿搭,头发与神态,3,3,false,从现有长句中的校园意象拆解出的核心词汇,"[""校园外貌与穿搭"", ""头发与神态"", ""核心词汇""]"
293,折纸条,折纸条,校园物件与暗号,纸面信息,3,3,false,从现有长句中的校园意象拆解出的核心词汇,"[""校园物件与暗号"", ""纸面信息"", ""核心词汇""]"
294,匿名情书,匿名情书,校园物件与暗号,纸面信息,3,3,false,从现有长句中的校园意象拆解出的核心词汇,"[""校园物件与暗号"", ""纸面信息"", ""核心词汇""]"
295,情书信封,情书信封,校园物件与暗号,纸面信息,3,3,false,从现有长句中的校园意象拆解出的核心词汇,"[""校园物件与暗号"", ""纸面信息"", ""核心词汇""]"
296,小心心,小心心,校园物件与暗号,纸面信息,3,3,false,从现有长句中的校园意象拆解出的核心词汇,"[""校园物件与暗号"", ""纸面信息"", ""核心词汇""]"
297,纪念书签,纪念书签,校园物件与暗号,纸面信息,3,3,false,从现有长句中的校园意象拆解出的核心词汇,"[""校园物件与暗号"", ""纸面信息"", ""核心词汇""]"
298,校服纽扣,校服纽扣,校园物件与暗号,纸面信息,3,3,false,从现有长句中的校园意象拆解出的核心词汇,"[""校园物件与暗号"", ""纸面信息"", ""核心词汇""]"
299,值日表,值日表,校园物件与暗号,纸面信息,3,3,false,从现有长句中的校园意象拆解出的核心词汇,"[""校园物件与暗号"", ""纸面信息"", ""核心词汇""]"
300,错题本,错题本,校园物件与暗号,纸面信息,3,3,false,从现有长句中的校园意象拆解出的核心词汇,"[""校园物件与暗号"", ""纸面信息"", ""核心词汇""]"
301,复习资料,复习资料,校园物件与暗号,纸面信息,3,3,false,从现有长句中的校园意象拆解出的核心词汇,"[""校园物件与暗号"", ""纸面信息"", ""核心词汇""]"
302,同款钢笔,同款钢笔,校园物件与暗号,纸面信息,3,3,false,从现有长句中的校园意象拆解出的核心词汇,"[""校园物件与暗号"", ""纸面信息"", ""核心词汇""]"
303,橡皮刻字,橡皮刻字,校园物件与暗号,纸面信息,3,3,false,从现有长句中的校园意象拆解出的核心词汇,"[""校园物件与暗号"", ""纸面信息"", ""核心词汇""]"
304,成对钥匙扣,成对钥匙扣,校园物件与暗号,纸面信息,3,3,false,从现有长句中的校园意象拆解出的核心词汇,"[""校园物件与暗号"", ""纸面信息"", ""核心词汇""]"
305,点歌暗号,点歌暗号,校园物件与暗号,纸面信息,3,3,false,从现有长句中的校园意象拆解出的核心词汇,"[""校园物件与暗号"", ""纸面信息"", ""核心词汇""]"
306,水杯暗号,水杯暗号,校园物件与暗号,纸面信息,3,3,false,从现有长句中的校园意象拆解出的核心词汇,"[""校园物件与暗号"", ""纸面信息"", ""核心词汇""]"
307,纸条回复,纸条回复,校园物件与暗号,纸面信息,3,3,false,从现有长句中的校园意象拆解出的核心词汇,"[""校园物件与暗号"", ""纸面信息"", ""核心词汇""]"
308,没送出的信,没送出的信,校园物件与暗号,纸面信息,3,3,false,从现有长句中的校园意象拆解出的核心词汇,"[""校园物件与暗号"", ""纸面信息"", ""核心词汇""]"
309,隔壁班,隔壁班,校园空间与路线,教室内部,3,3,false,从现有长句中的校园意象拆解出的核心词汇,"[""校园空间与路线"", ""教室内部"", ""核心词汇""]"
310,教室门口,教室门口,校园空间与路线,教室内部,3,3,false,从现有长句中的校园意象拆解出的核心词汇,"[""校园空间与路线"", ""教室内部"", ""核心词汇""]"
311,空教室,空教室,校园空间与路线,教室内部,3,3,false,从现有长句中的校园意象拆解出的核心词汇,"[""校园空间与路线"", ""教室内部"", ""核心词汇""]"
312,教学楼,教学楼,校园空间与路线,教室内部,3,3,false,从现有长句中的校园意象拆解出的核心词汇,"[""校园空间与路线"", ""教室内部"", ""核心词汇""]"
313,走廊尽头,走廊尽头,校园空间与路线,教室内部,3,3,false,从现有长句中的校园意象拆解出的核心词汇,"[""校园空间与路线"", ""教室内部"", ""核心词汇""]"
314,饮水机,饮水机,校园空间与路线,教室内部,3,3,false,从现有长句中的校园意象拆解出的核心词汇,"[""校园空间与路线"", ""教室内部"", ""核心词汇""]"
315,图书馆,图书馆,校园空间与路线,教室内部,3,3,false,从现有长句中的校园意象拆解出的核心词汇,"[""校园空间与路线"", ""教室内部"", ""核心词汇""]"
316,自习室,自习室,校园空间与路线,教室内部,3,3,false,从现有长句中的校园意象拆解出的核心词汇,"[""校园空间与路线"", ""教室内部"", ""核心词汇""]"
317,小卖部,小卖部,校园空间与路线,教室内部,3,3,false,从现有长句中的校园意象拆解出的核心词汇,"[""校园空间与路线"", ""教室内部"", ""核心词汇""]"
318,食堂排队,食堂排队,校园空间与路线,教室内部,3,3,false,从现有长句中的校园意象拆解出的核心词汇,"[""校园空间与路线"", ""教室内部"", ""核心词汇""]"
319,广播站,广播站,校园空间与路线,教室内部,3,3,false,从现有长句中的校园意象拆解出的核心词汇,"[""校园空间与路线"", ""教室内部"", ""核心词汇""]"
320,礼堂散场,礼堂散场,校园空间与路线,教室内部,3,3,false,从现有长句中的校园意象拆解出的核心词汇,"[""校园空间与路线"", ""教室内部"", ""核心词汇""]"
321,操场跑道,操场跑道,校园空间与路线,教室内部,3,3,false,从现有长句中的校园意象拆解出的核心词汇,"[""校园空间与路线"", ""教室内部"", ""核心词汇""]"
322,篮球场,篮球场,校园空间与路线,教室内部,3,3,false,从现有长句中的校园意象拆解出的核心词汇,"[""校园空间与路线"", ""教室内部"", ""核心词汇""]"
323,体育馆,体育馆,校园空间与路线,教室内部,3,3,false,从现有长句中的校园意象拆解出的核心词汇,"[""校园空间与路线"", ""教室内部"", ""核心词汇""]"
324,林荫道,林荫道,校园空间与路线,教室内部,3,3,false,从现有长句中的校园意象拆解出的核心词汇,"[""校园空间与路线"", ""教室内部"", ""核心词汇""]"
325,书架重逢,书架重逢,校园空间与路线,教室内部,3,3,false,从现有长句中的校园意象拆解出的核心词汇,"[""校园空间与路线"", ""教室内部"", ""核心词汇""]"
326,雨中操场,雨中操场,校园空间与路线,教室内部,3,3,false,从现有长句中的校园意象拆解出的核心词汇,"[""校园空间与路线"", ""教室内部"", ""核心词汇""]"
327,天台晚风,天台晚风,校园空间与路线,教室内部,3,3,false,从现有长句中的校园意象拆解出的核心词汇,"[""校园空间与路线"", ""教室内部"", ""核心词汇""]"
328,讲错题,讲错题,校园日常互动,学习协作,4,2,false,从现有长句中的校园意象拆解出的核心词汇,"[""校园日常互动"", ""学习协作"", ""核心词汇""]"
329,对答案,对答案,校园日常互动,学习协作,4,2,false,从现有长句中的校园意象拆解出的核心词汇,"[""校园日常互动"", ""学习协作"", ""核心词汇""]"
330,互相听写,互相听写,校园日常互动,学习协作,4,2,false,从现有长句中的校园意象拆解出的核心词汇,"[""校园日常互动"", ""学习协作"", ""核心词汇""]"
331,课文抽查,课文抽查,校园日常互动,学习协作,4,2,false,从现有长句中的校园意象拆解出的核心词汇,"[""校园日常互动"", ""学习协作"", ""核心词汇""]"
332,递牛奶,递牛奶,校园日常互动,学习协作,4,2,false,从现有长句中的校园意象拆解出的核心词汇,"[""校园日常互动"", ""学习协作"", ""核心词汇""]"
333,提醒带伞,提醒带伞,校园日常互动,学习协作,4,2,false,从现有长句中的校园意象拆解出的核心词汇,"[""校园日常互动"", ""学习协作"", ""核心词汇""]"
334,借外套,借外套,校园日常互动,学习协作,4,2,false,从现有长句中的校园意象拆解出的核心词汇,"[""校园日常互动"", ""学习协作"", ""核心词汇""]"
335,食堂带饭,食堂带饭,校园日常互动,学习协作,4,2,false,从现有长句中的校园意象拆解出的核心词汇,"[""校园日常互动"", ""学习协作"", ""核心词汇""]"
336,擦黑板,擦黑板,校园日常互动,学习协作,4,2,false,从现有长句中的校园意象拆解出的核心词汇,"[""校园日常互动"", ""学习协作"", ""核心词汇""]"
337,搬桌椅,搬桌椅,校园日常互动,学习协作,4,2,false,从现有长句中的校园意象拆解出的核心词汇,"[""校园日常互动"", ""学习协作"", ""核心词汇""]"
338,社团排练,社团排练,校园日常互动,学习协作,4,2,false,从现有长句中的校园意象拆解出的核心词汇,"[""校园日常互动"", ""学习协作"", ""核心词汇""]"
339,收器材,收器材,校园日常互动,学习协作,4,2,false,从现有长句中的校园意象拆解出的核心词汇,"[""校园日常互动"", ""学习协作"", ""核心词汇""]"
340,比赛加油,比赛加油,校园日常互动,学习协作,4,2,false,从现有长句中的校园意象拆解出的核心词汇,"[""校园日常互动"", ""学习协作"", ""核心词汇""]"
341,班级合唱,班级合唱,校园日常互动,学习协作,4,2,false,从现有长句中的校园意象拆解出的核心词汇,"[""校园日常互动"", ""学习协作"", ""核心词汇""]"
342,分享笑话,分享笑话,校园日常互动,学习协作,4,2,false,从现有长句中的校园意象拆解出的核心词汇,"[""校园日常互动"", ""学习协作"", ""核心词汇""]"
343,等收书包,等收书包,校园日常互动,学习协作,4,2,false,从现有长句中的校园意象拆解出的核心词汇,"[""校园日常互动"", ""学习协作"", ""核心词汇""]"
344,留一颗糖,留一颗糖,校园日常互动,学习协作,4,2,false,从现有长句中的校园意象拆解出的核心词汇,"[""校园日常互动"", ""学习协作"", ""核心词汇""]"
345,压低声音,压低声音,校园日常互动,学习协作,4,2,false,从现有长句中的校园意象拆解出的核心词汇,"[""校园日常互动"", ""学习协作"", ""核心词汇""]"
346,保管手机,保管手机,校园日常互动,学习协作,4,2,false,从现有长句中的校园意象拆解出的核心词汇,"[""校园日常互动"", ""学习协作"", ""核心词汇""]"
347,一起自习,一起自习,校园日常互动,学习协作,4,2,false,从现有长句中的校园意象拆解出的核心词汇,"[""校园日常互动"", ""学习协作"", ""核心词汇""]"
348,交换笔记,交换笔记,校园日常互动,学习协作,4,2,false,从现有长句中的校园意象拆解出的核心词汇,"[""校园日常互动"", ""学习协作"", ""核心词汇""]"
349,篮球回声,篮球回声,季节与感官记忆,声音记忆,2,3,false,从现有长句中的校园意象拆解出的核心词汇,"[""季节与感官记忆"", ""声音记忆"", ""核心词汇""]"
350,广播点歌,广播点歌,季节与感官记忆,声音记忆,2,3,false,从现有长句中的校园意象拆解出的核心词汇,"[""季节与感官记忆"", ""声音记忆"", ""核心词汇""]"
351,树影,树影,季节与感官记忆,声音记忆,2,3,false,从现有长句中的校园意象拆解出的核心词汇,"[""季节与感官记忆"", ""声音记忆"", ""核心词汇""]"
352,雨滴窗台,雨滴窗台,季节与感官记忆,声音记忆,2,3,false,从现有长句中的校园意象拆解出的核心词汇,"[""季节与感官记忆"", ""声音记忆"", ""核心词汇""]"
353,跑道雨味,跑道雨味,季节与感官记忆,声音记忆,2,3,false,从现有长句中的校园意象拆解出的核心词汇,"[""季节与感官记忆"", ""声音记忆"", ""核心词汇""]"
354,雨伞温度,雨伞温度,季节与感官记忆,声音记忆,2,3,false,从现有长句中的校园意象拆解出的核心词汇,"[""季节与感官记忆"", ""声音记忆"", ""核心词汇""]"
355,热水杯,热水杯,季节与感官记忆,声音记忆,2,3,false,从现有长句中的校园意象拆解出的核心词汇,"[""季节与感官记忆"", ""声音记忆"", ""核心词汇""]"
356,春日樱花,春日樱花,季节与感官记忆,声音记忆,2,3,false,从现有长句中的校园意象拆解出的核心词汇,"[""季节与感官记忆"", ""声音记忆"", ""核心词汇""]"
357,盛夏风扇,盛夏风扇,季节与感官记忆,声音记忆,2,3,false,从现有长句中的校园意象拆解出的核心词汇,"[""季节与感官记忆"", ""声音记忆"", ""核心词汇""]"
358,秋日落叶,秋日落叶,季节与感官记忆,声音记忆,2,3,false,从现有长句中的校园意象拆解出的核心词汇,"[""季节与感官记忆"", ""声音记忆"", ""核心词汇""]"
359,初雪,初雪,季节与感官记忆,声音记忆,2,3,false,从现有长句中的校园意象拆解出的核心词汇,"[""季节与感官记忆"", ""声音记忆"", ""核心词汇""]"
360,六月闷热,六月闷热,季节与感官记忆,声音记忆,2,3,false,从现有长句中的校园意象拆解出的核心词汇,"[""季节与感官记忆"", ""声音记忆"", ""核心词汇""]"
361,晚风,晚风,季节与感官记忆,声音记忆,2,3,false,从现有长句中的校园意象拆解出的核心词汇,"[""季节与感官记忆"", ""声音记忆"", ""核心词汇""]"
362,校服摩擦,校服摩擦,季节与感官记忆,声音记忆,2,3,false,从现有长句中的校园意象拆解出的核心词汇,"[""季节与感官记忆"", ""声音记忆"", ""核心词汇""]"
363,冰汽水,冰汽水,季节与感官记忆,声音记忆,2,3,false,从现有长句中的校园意象拆解出的核心词汇,"[""季节与感官记忆"", ""声音记忆"", ""核心词汇""]"
364,书页翻动,书页翻动,季节与感官记忆,声音记忆,2,3,false,从现有长句中的校园意象拆解出的核心词汇,"[""季节与感官记忆"", ""声音记忆"", ""核心词汇""]"
365,操场晚风,操场晚风,季节与感官记忆,声音记忆,2,3,false,从现有长句中的校园意象拆解出的核心词汇,"[""季节与感官记忆"", ""声音记忆"", ""核心词汇""]"
366,夏夜虫鸣,夏夜虫鸣,季节与感官记忆,声音记忆,2,3,false,从现有长句中的校园意象拆解出的核心词汇,"[""季节与感官记忆"", ""声音记忆"", ""核心词汇""]"
367,校服签名,校服签名,毕业与离别,毕业仪式,4,2,false,从现有长句中的校园意象拆解出的核心词汇,"[""毕业与离别"", ""毕业仪式"", ""核心词汇""]"
368,最后铃声,最后铃声,毕业与离别,毕业仪式,4,2,false,从现有长句中的校园意象拆解出的核心词汇,"[""毕业与离别"", ""毕业仪式"", ""核心词汇""]"
369,课桌清空,课桌清空,毕业与离别,毕业仪式,4,2,false,从现有长句中的校园意象拆解出的核心词汇,"[""毕业与离别"", ""毕业仪式"", ""核心词汇""]"
370,旧纸条,旧纸条,毕业与离别,毕业仪式,4,2,false,从现有长句中的校园意象拆解出的核心词汇,"[""毕业与离别"", ""毕业仪式"", ""核心词汇""]"
371,最后合照,最后合照,毕业与离别,毕业仪式,4,2,false,从现有长句中的校园意象拆解出的核心词汇,"[""毕业与离别"", ""毕业仪式"", ""核心词汇""]"
372,告别校门,告别校门,毕业与离别,毕业仪式,4,2,false,从现有长句中的校园意象拆解出的核心词汇,"[""毕业与离别"", ""毕业仪式"", ""核心词汇""]"
373,不同城市,不同城市,毕业与离别,毕业仪式,4,2,false,从现有长句中的校园意象拆解出的核心词汇,"[""毕业与离别"", ""毕业仪式"", ""核心词汇""]"
374,慢慢失联,慢慢失联,毕业与离别,毕业仪式,4,2,false,从现有长句中的校园意象拆解出的核心词汇,"[""毕业与离别"", ""毕业仪式"", ""核心词汇""]"
375,泛黄照片,泛黄照片,毕业与离别,毕业仪式,4,2,false,从现有长句中的校园意象拆解出的核心词汇,"[""毕业与离别"", ""毕业仪式"", ""核心词汇""]"
376,最后一面,最后一面,毕业与离别,毕业仪式,4,2,false,从现有长句中的校园意象拆解出的核心词汇,"[""毕业与离别"", ""毕业仪式"", ""核心词汇""]"
377,毕业约定,毕业约定,毕业与离别,毕业仪式,4,2,false,从现有长句中的校园意象拆解出的核心词汇,"[""毕业与离别"", ""毕业仪式"", ""核心词汇""]"
378,临别拥抱,临别拥抱,毕业与离别,毕业仪式,4,2,false,从现有长句中的校园意象拆解出的核心词汇,"[""毕业与离别"", ""毕业仪式"", ""核心词汇""]"
379,离校行李,离校行李,毕业与离别,毕业仪式,4,2,false,从现有长句中的校园意象拆解出的核心词汇,"[""毕业与离别"", ""毕业仪式"", ""核心词汇""]"
380,青春散场,青春散场,毕业与离别,毕业仪式,4,2,false,从现有长句中的校园意象拆解出的核心词汇,"[""毕业与离别"", ""毕业仪式"", ""核心词汇""]"
381,在人群里牵住对方,在人群里牵住对方,亲密行为,肢体接触,5,0,false,属于“肢体接触”语义，与“亲密行为”主题的关联距离为0级,"[""亲密行为"", ""肢体接触"", ""身体接触""]"
382,长得够不够好看,长得够不够好看,吸引力与自我评价,外貌评价,4,1,false,属于“外貌评价”语义，与“吸引力与自我评价”主题的关联距离为1级,"[""吸引力与自我评价"", ""外貌评价"", ""外貌"", ""自信""]"
383,收到朋友的喜帖,收到朋友的喜帖,婚姻,婚姻事件,4,1,false,属于“婚姻事件”语义，与“婚姻”主题的关联距离为1级,"[""婚姻"", ""婚姻事件"", ""承诺"", ""仪式""]"
384,听见窗外一阵很长的蝉鸣,听见窗外一阵很长的蝉鸣,季节与感官记忆,声音记忆,2,3,false,从长句变体族中抽取并审核的核心概念短语,"[""季节与感官记忆"", ""声音记忆"", ""短语化清洗""]"
385,可以相互陪伴的人,可以相互陪伴的人,对象与伴侣,伴侣称谓,5,0,false,属于“伴侣称谓”语义，与“对象与伴侣”主题的关联距离为0级,"[""对象与伴侣"", ""伴侣称谓"", ""伴侣""]"
386,从单身变成恋爱状态,从单身变成恋爱状态,恋爱,恋爱状态,5,0,false,属于“恋爱状态”语义，与“恋爱”主题的关联距离为0级,"[""恋爱"", ""恋爱状态"", ""关系状态""]"
387,第一次喜欢上别人,第一次喜欢上别人,恋爱历史,初恋,5,0,false,属于“初恋”语义，与“恋爱历史”主题的关联距离为0级,"[""恋爱历史"", ""初恋"", ""第一次"", ""过去""]"
388,第一次恋爱几岁,第一次恋爱几岁,恋爱统计与提问,经历盘问,5,0,false,属于“经历盘问”语义，与“恋爱统计与提问”主题的关联距离为0级,"[""恋爱统计与提问"", ""经历盘问"", ""提问"", ""经历数量""]"
389,18岁还没谈过恋爱,18岁还没有恋爱经历,时间与年龄焦虑,年龄节点,5,0,false,属于“年龄节点”语义，与“时间与年龄焦虑”主题的关联距离为0级,"[""时间与年龄焦虑"", ""年龄节点"", ""年龄"", ""单身""]"
390,风吹起她额前的刘海,风吹起她额前的刘海,校园外貌与穿搭,头发与神态,3,3,false,从长句变体族中抽取并审核的核心概念短语,"[""校园外貌与穿搭"", ""头发与神态"", ""短语化清洗""]"
391,课间偷偷看喜欢的人,课间偷偷看喜欢的人,校园恋爱,中学恋爱,4,1,false,属于“中学恋爱”语义，与“校园恋爱”主题的关联距离为1级,"[""校园恋爱"", ""中学恋爱"", ""高中"", ""青春""]"
392,把课堂笔记借给喜欢的人,把课堂笔记借给喜欢的人,校园日常互动,学习协作,4,2,false,从长句变体族中抽取并审核的核心概念短语,"[""校园日常互动"", ""学习协作"", ""短语化清洗""]"
393,递来一张折好的小纸条,递来一张折好的小纸条,校园物件与暗号,纸面信息,3,3,false,从长句变体族中抽取并审核的核心概念短语,"[""校园物件与暗号"", ""纸面信息"", ""短语化清洗""]"
394,在靠窗的座位等她出现,在靠窗的座位等她出现,校园空间与路线,教室内部,3,3,false,从长句变体族中抽取并审核的核心概念短语,"[""校园空间与路线"", ""教室内部"", ""短语化清洗""]"
395,在毕业册上写下一句祝福,在毕业册上写下一句祝福,毕业与离别,毕业仪式,4,2,false,从长句变体族中抽取并审核的核心概念短语,"[""毕业与离别"", ""毕业仪式"", ""短语化清洗""]"
396,同龄人都谈过恋爱,同龄人都有恋爱经历,社会比较,同龄比较,5,1,false,属于“同龄比较”语义，与“社会比较”主题的关联距离为1级,"[""社会比较"", ""同龄比较"", ""同龄人"", ""横向比较""]"
397,单独约对方出来,单独约对方出来,约会,约会邀请,5,0,false,属于“约会邀请”语义，与“约会”主题的关联距离为0级,"[""约会"", ""约会邀请"", ""邀请"", ""见面""]"
398,朋友圈官宣文案,朋友圈官宣文案,网络恋爱语言,网络互动,4,2,false,属于“网络互动”语义，与“网络恋爱语言”主题的关联距离为2级,"[""网络恋爱语言"", ""网络互动"", ""社交平台"", ""数字亲密""]"
399,第一次见面纪念日,第一次见面纪念日,节日,恋爱节日,5,1,false,属于“恋爱节日”语义，与“节日”主题的关联距离为1级,"[""节日"", ""恋爱节日"", ""纪念""]"
400,创建一个新对象,创建一个新对象,荒诞扩散区,技术对象,1,4,true,属于“技术对象”语义，与“荒诞扩散区”主题的关联距离为4级,"[""荒诞扩散区"", ""技术对象"", ""对象双关"", ""技术""]"
401,坦白自己的心意,坦白自己的心意,表白与追求,表达好感,5,0,false,属于“表达好感”语义，与“表白与追求”主题的关联距离为0级,"[""表白与追求"", ""表达好感"", ""表达"", ""好感""]"
402,对方说不喜欢我,对方说不喜欢我,被拒绝,明确拒绝,5,0,false,属于“明确拒绝”语义，与“被拒绝”主题的关联距离为0级,"[""被拒绝"", ""明确拒绝"", ""拒绝"", ""失败""]"
403,电影院最后一排,电影院最后一排,间接语义触发词,地点与座位,3,3,false,属于“地点与座位”语义，与“间接语义触发词”主题的关联距离为3级,"[""间接语义触发词"", ""地点与座位"", ""地点"", ""双人场景""]"
404,同龄人的人生阶段,同龄人的人生阶段,高阶语义关联,人生进度,4,2,false,属于“人生进度”语义，与“高阶语义关联”主题的关联距离为2级,"[""高阶语义关联"", ""人生进度"", ""阶段"", ""进度""]"
405,恋人之间的亲吻,恋人之间的亲吻,亲密行为,亲吻,5,0,false,属于“亲吻”语义，与“亲密行为”主题的关联距离为0级,"[""亲密行为"", ""亲吻"", ""同意""]"
406,穿搭会影响异性缘吗,穿搭会影响异性缘吗,吸引力与自我评价,外貌评价,4,1,false,属于“外貌评价”语义，与“吸引力与自我评价”主题的关联距离为1级,"[""吸引力与自我评价"", ""外貌评价"", ""外貌"", ""自信""]"
407,计划什么时候结婚,计划什么时候结婚,婚姻,婚姻事件,4,1,false,属于“婚姻事件”语义，与“婚姻”主题的关联距离为1级,"[""婚姻"", ""婚姻事件"", ""承诺"", ""仪式""]"
408,听见下课铃盖过没说完的话,听见下课铃盖过没说完的话,季节与感官记忆,声音记忆,2,3,false,从长句变体族中抽取并审核的核心概念短语,"[""季节与感官记忆"", ""声音记忆"", ""短语化清洗""]"
409,从母胎单身毕业,从母胎单身毕业,对象与伴侣,脱单状态,5,0,false,属于“脱单状态”语义，与“对象与伴侣”主题的关联距离为0级,"[""对象与伴侣"", ""脱单状态"", ""单身"", ""状态变化""]"
410,第一次拥有恋爱关系,第一次拥有恋爱关系,恋爱,恋爱状态,5,0,false,属于“恋爱状态”语义，与“恋爱”主题的关联距离为0级,"[""恋爱"", ""恋爱状态"", ""关系状态""]"
411,初恋发生在什么时候,初恋发生在什么时候,恋爱历史,初恋,5,0,false,属于“初恋”语义，与“恋爱历史”主题的关联距离为0级,"[""恋爱历史"", ""初恋"", ""第一次"", ""过去""]"
412,最长恋爱谈了多久,最长恋爱谈了多久,恋爱统计与提问,经历盘问,5,0,false,属于“经历盘问”语义，与“恋爱统计与提问”主题的关联距离为0级,"[""恋爱统计与提问"", ""经历盘问"", ""提问"", ""经历数量""]"
413,20岁第一次心动,20岁第一次心动,时间与年龄焦虑,年龄节点,5,0,false,属于“年龄节点”语义，与“时间与年龄焦虑”主题的关联距离为0级,"[""时间与年龄焦虑"", ""年龄节点"", ""年龄"", ""单身""]"
414,看见她把刘海别到耳后,看见她把刘海别到耳后,校园外貌与穿搭,头发与神态,3,3,false,从长句变体族中抽取并审核的核心概念短语,"[""校园外貌与穿搭"", ""头发与神态"", ""短语化清洗""]"
415,运动会给喜欢的人送水,运动会给喜欢的人送水,校园恋爱,中学恋爱,4,1,false,属于“中学恋爱”语义，与“校园恋爱”主题的关联距离为1级,"[""校园恋爱"", ""中学恋爱"", ""高中"", ""青春""]"
416,耐心讲一道做错的题,耐心讲一道做错的题,校园日常互动,学习协作,4,2,false,从长句变体族中抽取并审核的核心概念短语,"[""校园日常互动"", ""学习协作"", ""短语化清洗""]"
417,在纸条背面写下回复,在纸条背面写下回复,校园物件与暗号,纸面信息,3,3,false,从长句变体族中抽取并审核的核心概念短语,"[""校园物件与暗号"", ""纸面信息"", ""短语化清洗""]"
418,经过对方班级的教室门口,经过对方班级的教室门口,校园空间与路线,教室内部,3,3,false,从长句变体族中抽取并审核的核心概念短语,"[""校园空间与路线"", ""教室内部"", ""短语化清洗""]"
419,把同学录最后一页留给她,把同学录最后一页留给她,毕业与离别,毕业仪式,4,2,false,从长句变体族中抽取并审核的核心概念短语,"[""毕业与离别"", ""毕业仪式"", ""短语化清洗""]"
420,朋友一个接一个脱单,朋友一个接一个脱单,社会比较,同龄比较,5,1,false,属于“同龄比较”语义，与“社会比较”主题的关联距离为1级,"[""社会比较"", ""同龄比较"", ""同龄人"", ""横向比较""]"
421,邀请喜欢的人吃饭,邀请喜欢的人吃饭,约会,约会邀请,5,0,false,属于“约会邀请”语义，与“约会”主题的关联距离为0级,"[""约会"", ""约会邀请"", ""邀请"", ""见面""]"
422,在评论区秀恩爱,在评论区秀恩爱,网络恋爱语言,网络互动,4,2,false,属于“网络互动”语义，与“网络恋爱语言”主题的关联距离为2级,"[""网络恋爱语言"", ""网络互动"", ""社交平台"", ""数字亲密""]"
423,生日和对象一起过,生日和对象一起过,节日,恋爱节日,5,1,false,属于“恋爱节日”语义，与“节日”主题的关联距离为1级,"[""节日"", ""恋爱节日"", ""纪念""]"
424,研究对象发生变化,研究对象发生变化,荒诞扩散区,技术对象,1,4,true,属于“技术对象”语义，与“荒诞扩散区”主题的关联距离为4级,"[""荒诞扩散区"", ""技术对象"", ""对象双关"", ""技术""]"
425,告诉对方心动了,告诉对方心动了,表白与追求,表达好感,5,0,false,属于“表达好感”语义，与“表白与追求”主题的关联距离为0级,"[""表白与追求"", ""表达好感"", ""表达"", ""好感""]"
426,追求没有被接受,追求没有被接受,被拒绝,明确拒绝,5,0,false,属于“明确拒绝”语义，与“被拒绝”主题的关联距离为0级,"[""被拒绝"", ""明确拒绝"", ""拒绝"", ""失败""]"
427,咖啡店靠窗座位,咖啡店靠窗座位,间接语义触发词,地点与座位,3,3,false,属于“地点与座位”语义，与“间接语义触发词”主题的关联距离为3级,"[""间接语义触发词"", ""地点与座位"", ""地点"", ""双人场景""]"
428,人生体验不完整,人生体验不完整,高阶语义关联,人生进度,4,2,false,属于“人生进度”语义，与“高阶语义关联”主题的关联距离为2级,"[""高阶语义关联"", ""人生进度"", ""阶段"", ""进度""]"
429,得到同意后的亲吻,得到同意后的亲吻,亲密行为,亲吻,5,0,false,属于“亲吻”语义，与“亲密行为”主题的关联距离为0级,"[""亲密行为"", ""亲吻"", ""同意""]"
430,见喜欢的人前护肤,见喜欢的人前护肤,吸引力与自我评价,外貌评价,4,1,false,属于“外貌评价”语义，与“吸引力与自我评价”主题的关联距离为1级,"[""吸引力与自我评价"", ""外貌评价"", ""外貌"", ""自信""]"
431,介绍这是我的爱人,介绍这是我的爱人,婚姻,婚姻身份,4,1,false,属于“婚姻身份”语义，与“婚姻”主题的关联距离为1级,"[""婚姻"", ""婚姻身份"", ""配偶"", ""家庭""]"
432,记住篮球落地的回声,记住篮球落地的回声,季节与感官记忆,声音记忆,2,3,false,从长句变体族中抽取并审核的核心概念短语,"[""季节与感官记忆"", ""声音记忆"", ""短语化清洗""]"
433,恋爱名额已占用,恋爱名额已占用,对象与伴侣,脱单状态,5,0,false,属于“脱单状态”语义，与“对象与伴侣”主题的关联距离为0级,"[""对象与伴侣"", ""脱单状态"", ""单身"", ""状态变化""]"
434,认真谈一场恋爱,认真谈一场恋爱,恋爱,恋爱状态,5,0,false,属于“恋爱状态”语义，与“恋爱”主题的关联距离为0级,"[""恋爱"", ""恋爱状态"", ""关系状态""]"
435,学生时代的初恋,学生时代的初恋,恋爱历史,初恋,5,0,false,属于“初恋”语义，与“恋爱历史”主题的关联距离为0级,"[""恋爱历史"", ""初恋"", ""第一次"", ""过去""]"
436,有没有追过别人,有没有追过别人,恋爱统计与提问,经历盘问,5,0,false,属于“经历盘问”语义，与“恋爱统计与提问”主题的关联距离为0级,"[""恋爱统计与提问"", ""经历盘问"", ""提问"", ""经历数量""]"
437,21岁依然没有对象,21岁依然没有对象,时间与年龄焦虑,年龄节点,5,0,false,属于“年龄节点”语义，与“时间与年龄焦虑”主题的关联距离为0级,"[""时间与年龄焦虑"", ""年龄节点"", ""年龄"", ""单身""]"
438,注意到阳光落在她的发梢,注意到阳光落在她的发梢,校园外貌与穿搭,头发与神态,3,3,false,从长句变体族中抽取并审核的核心概念短语,"[""校园外貌与穿搭"", ""头发与神态"", ""短语化清洗""]"
439,毕业前鼓起勇气告白,毕业前鼓起勇气告白,校园恋爱,中学恋爱,4,1,false,属于“中学恋爱”语义，与“校园恋爱”主题的关联距离为1级,"[""校园恋爱"", ""中学恋爱"", ""高中"", ""青春""]"
440,互相检查听写答案,互相检查听写答案,校园日常互动,学习协作,4,2,false,从长句变体族中抽取并审核的核心概念短语,"[""校园日常互动"", ""学习协作"", ""短语化清洗""]"
441,把没送出的情书夹进书里,把没送出的情书夹进书里,校园物件与暗号,纸面信息,3,3,false,从长句变体族中抽取并审核的核心概念短语,"[""校园物件与暗号"", ""纸面信息"", ""短语化清洗""]"
442,在空教室里多停留一会儿,在空教室里多停留一会儿,校园空间与路线,教室内部,3,3,false,从长句变体族中抽取并审核的核心概念短语,"[""校园空间与路线"", ""教室内部"", ""短语化清洗""]"
443,在毕业照里悄悄站得更近,在毕业照里悄悄站得更近,毕业与离别,毕业仪式,4,2,false,从长句变体族中抽取并审核的核心概念短语,"[""毕业与离别"", ""毕业仪式"", ""短语化清洗""]"
444,身边的人都有女朋友,身边的人都有女友,社会比较,同龄比较,5,1,false,属于“同龄比较”语义，与“社会比较”主题的关联距离为1级,"[""社会比较"", ""同龄比较"", ""同龄人"", ""横向比较""]"
445,问对方有没有空见面,问对方有没有空见面,约会,约会邀请,5,0,false,属于“约会邀请”语义，与“约会”主题的关联距离为0级,"[""约会"", ""约会邀请"", ""邀请"", ""见面""]"
446,互相艾特看情侣挑战,互相艾特看情侣挑战,网络恋爱语言,网络互动,4,2,false,属于“网络互动”语义，与“网络恋爱语言”主题的关联距离为2级,"[""网络恋爱语言"", ""网络互动"", ""社交平台"", ""数字亲密""]"
447,七夕一起看电影,七夕一起看电影,节日,节日行为,4,2,false,属于“节日行为”语义，与“节日”主题的关联距离为2级,"[""节日"", ""节日行为"", ""礼物"", ""庆祝""]"
448,目标对象不存在,目标对象不存在,荒诞扩散区,技术对象,1,4,true,属于“技术对象”语义，与“荒诞扩散区”主题的关联距离为4级,"[""荒诞扩散区"", ""技术对象"", ""对象双关"", ""技术""]"
449,向喜欢的人表明态度,向喜欢的人表明态度,表白与追求,表达好感,5,0,false,属于“表达好感”语义，与“表白与追求”主题的关联距离为0级,"[""表白与追求"", ""表达好感"", ""表达"", ""好感""]"
450,告白后收到拒绝,告白后收到拒绝,被拒绝,明确拒绝,5,0,false,属于“明确拒绝”语义，与“被拒绝”主题的关联距离为0级,"[""被拒绝"", ""明确拒绝"", ""拒绝"", ""失败""]"
451,商场里的情侣餐厅,商场里的情侣餐厅,间接语义触发词,地点与座位,3,3,false,属于“地点与座位”语义，与“间接语义触发词”主题的关联距离为3级,"[""间接语义触发词"", ""地点与座位"", ""地点"", ""双人场景""]"
452,感情履历还是空白,感情履历还是空白,高阶语义关联,人生进度,4,2,false,属于“人生进度”语义，与“高阶语义关联”主题的关联距离为2级,"[""高阶语义关联"", ""人生进度"", ""阶段"", ""进度""]"
453,亲吻前确认意愿,亲吻前确认意愿,亲密行为,亲吻,5,0,false,属于“亲吻”语义，与“亲密行为”主题的关联距离为0级,"[""亲密行为"", ""亲吻"", ""同意""]"
454,担心身高不够有吸引力,担心身高不够有吸引力,吸引力与自我评价,外貌评价,4,1,false,属于“外貌评价”语义，与“吸引力与自我评价”主题的关联距离为1级,"[""吸引力与自我评价"", ""外貌评价"", ""外貌"", ""自信""]"
455,带另一半回家见父母,带另一半回家见父母,婚姻,婚姻身份,4,1,false,属于“婚姻身份”语义，与“婚姻”主题的关联距离为1级,"[""婚姻"", ""婚姻身份"", ""配偶"", ""家庭""]"
456,听见广播里放过的那首歌,听见广播里放过的那首歌,季节与感官记忆,声音记忆,2,3,false,从长句变体族中抽取并审核的核心概念短语,"[""季节与感官记忆"", ""声音记忆"", ""短语化清洗""]"
457,扩大异性社交圈,扩大异性社交圈,对象与伴侣,寻找对象,4,1,false,属于“寻找对象”语义，与“对象与伴侣”主题的关联距离为1级,"[""对象与伴侣"", ""寻找对象"", ""择偶"", ""社交""]"
458,恋爱是什么体验,恋爱是什么体验,恋爱,恋爱体验,5,0,false,属于“恋爱体验”语义，与“恋爱”主题的关联距离为0级,"[""恋爱"", ""恋爱体验"", ""情感体验""]"
459,初恋留下的回忆,初恋留下的回忆,恋爱历史,初恋,5,0,false,属于“初恋”语义，与“恋爱历史”主题的关联距离为0级,"[""恋爱历史"", ""初恋"", ""第一次"", ""过去""]"
460,牵过喜欢的人的手吗,牵过喜欢的人的手吗,恋爱统计与提问,经历盘问,5,0,false,属于“经历盘问”语义，与“恋爱统计与提问”主题的关联距离为0级,"[""恋爱统计与提问"", ""经历盘问"", ""提问"", ""经历数量""]"
461,22岁还没谈过恋爱,22岁还没有恋爱经历,时间与年龄焦虑,年龄节点,5,0,false,属于“年龄节点”语义，与“时间与年龄焦虑”主题的关联距离为0级,"[""时间与年龄焦虑"", ""年龄节点"", ""年龄"", ""单身""]"
462,记住她低头笑时的酒窝,记住她低头笑时的酒窝,校园外貌与穿搭,头发与神态,3,3,false,从长句变体族中抽取并审核的核心概念短语,"[""校园外貌与穿搭"", ""头发与神态"", ""短语化清洗""]"
463,校服时期的恋爱,校服时期的恋爱,校园恋爱,中学恋爱,4,1,false,属于“中学恋爱”语义，与“校园恋爱”主题的关联距离为1级,"[""校园恋爱"", ""中学恋爱"", ""高中"", ""青春""]"
464,替对方保管暂时没收的手机,替对方保管暂时没收的手机,校园日常互动,学习协作,4,2,false,从长句变体族中抽取并审核的核心概念短语,"[""校园日常互动"", ""学习协作"", ""短语化清洗""]"
465,收到一封没有署名的情书,收到一封没有署名的情书,校园物件与暗号,纸面信息,3,3,false,从长句变体族中抽取并审核的核心概念短语,"[""校园物件与暗号"", ""纸面信息"", ""短语化清洗""]"
466,从教学楼走廊远远看见她,从教学楼走廊远远看见她,校园空间与路线,教室内部,3,3,false,从长句变体族中抽取并审核的核心概念短语,"[""校园空间与路线"", ""教室内部"", ""短语化清洗""]"
467,在校服背面签下名字,在校服背面签下名字,毕业与离别,毕业仪式,4,2,false,从长句变体族中抽取并审核的核心概念短语,"[""毕业与离别"", ""毕业仪式"", ""短语化清洗""]"
468,大家好像都有恋爱经历,大家好像都有恋爱经历,社会比较,同龄比较,5,1,false,属于“同龄比较”语义，与“社会比较”主题的关联距离为1级,"[""社会比较"", ""同龄比较"", ""同龄人"", ""横向比较""]"
469,下班后一起走走,下班后一起走走,约会,约会邀请,5,0,false,属于“约会邀请”语义，与“约会”主题的关联距离为0级,"[""约会"", ""约会邀请"", ""邀请"", ""见面""]"
470,每天分享短视频,每天分享短视频,网络恋爱语言,网络互动,4,2,false,属于“网络互动”语义，与“网络恋爱语言”主题的关联距离为2级,"[""网络恋爱语言"", ""网络互动"", ""社交平台"", ""数字亲密""]"
471,为恋人准备礼物,为恋人准备礼物,节日,节日行为,4,2,false,属于“节日行为”语义，与“节日”主题的关联距离为2级,"[""节日"", ""节日行为"", ""礼物"", ""庆祝""]"
472,表白墙需要重新粉刷,表白墙需要重新粉刷,荒诞扩散区,字面拆解,1,4,true,属于“字面拆解”语义，与“荒诞扩散区”主题的关联距离为4级,"[""荒诞扩散区"", ""字面拆解"", ""字面双关"", ""语言游戏""]"
473,偷偷喜欢一个人,偷偷喜欢一个人,表白与追求,暗恋,4,1,false,属于“暗恋”语义，与“表白与追求”主题的关联距离为1级,"[""表白与追求"", ""暗恋"", ""单向好感""]"
474,她明确说不想恋爱,她明确说不想恋爱,被拒绝,明确拒绝,5,0,false,属于“明确拒绝”语义，与“被拒绝”主题的关联距离为0级,"[""被拒绝"", ""明确拒绝"", ""拒绝"", ""失败""]"
475,适合约会的展览,适合约会的展览,间接语义触发词,地点与座位,3,3,false,属于“地点与座位”语义，与“间接语义触发词”主题的关联距离为3级,"[""间接语义触发词"", ""地点与座位"", ""地点"", ""双人场景""]"
476,别人进入下一阶段,别人进入下一阶段,高阶语义关联,人生进度,4,2,false,属于“人生进度”语义，与“高阶语义关联”主题的关联距离为2级,"[""高阶语义关联"", ""人生进度"", ""阶段"", ""进度""]"
477,先询问可不可以牵手,先询问可不可以牵手,亲密行为,亲密边界,4,2,false,属于“亲密边界”语义，与“亲密行为”主题的关联距离为2级,"[""亲密行为"", ""亲密边界"", ""边界"", ""明确同意""]"
478,拍照时缺乏自信,拍照时缺乏自信,吸引力与自我评价,外貌评价,4,1,false,属于“外貌评价”语义，与“吸引力与自我评价”主题的关联距离为1级,"[""吸引力与自我评价"", ""外貌评价"", ""外貌"", ""自信""]"
479,从恋人变成家人,从恋人变成家人,婚姻,婚姻身份,4,1,false,属于“婚姻身份”语义，与“婚姻”主题的关联距离为1级,"[""婚姻"", ""婚姻身份"", ""配偶"", ""家庭""]"
480,看见晨光落在她的课桌上,看见晨光落在她的课桌上,季节与感官记忆,声音记忆,2,3,false,从长句变体族中抽取并审核的核心概念短语,"[""季节与感官记忆"", ""声音记忆"", ""短语化清洗""]"
481,遇见互相喜欢的人,遇见互相喜欢的人,对象与伴侣,寻找对象,4,1,false,属于“寻找对象”语义，与“对象与伴侣”主题的关联距离为1级,"[""对象与伴侣"", ""寻找对象"", ""择偶"", ""社交""]"
482,两个人互相喜欢,两个人互相喜欢,恋爱,恋爱体验,5,0,false,属于“恋爱体验”语义，与“恋爱”主题的关联距离为0级,"[""恋爱"", ""恋爱体验"", ""情感体验""]"
483,从初恋学会相处,从初恋学会相处,恋爱历史,初恋,5,0,false,属于“初恋”语义，与“恋爱历史”主题的关联距离为0级,"[""恋爱历史"", ""初恋"", ""第一次"", ""过去""]"
484,为什么没有恋爱经历,为什么没有恋爱经历,恋爱统计与提问,经历盘问,5,0,false,属于“经历盘问”语义，与“恋爱统计与提问”主题的关联距离为0级,"[""恋爱统计与提问"", ""经历盘问"", ""提问"", ""经历数量""]"
485,23岁仍是母胎单身,23岁仍是母胎单身,时间与年龄焦虑,年龄节点,5,0,false,属于“年龄节点”语义，与“时间与年龄焦虑”主题的关联距离为0级,"[""时间与年龄焦虑"", ""年龄节点"", ""年龄"", ""单身""]"
486,发现她见面前认真扎好头发,发现她见面前认真扎好头发,校园外貌与穿搭,头发与神态,3,3,false,从长句变体族中抽取并审核的核心概念短语,"[""校园外貌与穿搭"", ""头发与神态"", ""短语化清洗""]"
487,高中情侣一起上大学,高中情侣一起上大学,校园恋爱,中学恋爱,4,1,false,属于“中学恋爱”语义，与“校园恋爱”主题的关联距离为1级,"[""校园恋爱"", ""中学恋爱"", ""高中"", ""青春""]"
488,给趴在桌上的人留一盒牛奶,给趴在桌上的人留一盒牛奶,校园日常互动,生活照顾,4,2,false,从长句变体族中抽取并审核的核心概念短语,"[""校园日常互动"", ""生活照顾"", ""短语化清洗""]"
489,在便利贴上画一颗小心心,在便利贴上画一颗小心心,校园物件与暗号,纸面信息,3,3,false,从长句变体族中抽取并审核的核心概念短语,"[""校园物件与暗号"", ""纸面信息"", ""短语化清洗""]"
490,绕路经过她常去的饮水机,绕路经过她常去的饮水机,校园空间与路线,公共校园空间,3,3,false,从长句变体族中抽取并审核的核心概念短语,"[""校园空间与路线"", ""公共校园空间"", ""短语化清洗""]"
491,把没送出的情书带回家,把没送出的情书带回家,毕业与离别,毕业仪式,4,2,false,从长句变体族中抽取并审核的核心概念短语,"[""毕业与离别"", ""毕业仪式"", ""短语化清洗""]"
492,朋友圈突然全是官宣,朋友圈突然全是官宣,社会比较,同龄比较,5,1,false,属于“同龄比较”语义，与“社会比较”主题的关联距离为1级,"[""社会比较"", ""同龄比较"", ""同龄人"", ""横向比较""]"
493,计划两个人的行程,计划两个人的行程,约会,约会邀请,5,0,false,属于“约会邀请”语义，与“约会”主题的关联距离为0级,"[""约会"", ""约会邀请"", ""邀请"", ""见面""]"
494,给对方朋友圈点赞,给对方朋友圈点赞,网络恋爱语言,网络互动,4,2,false,属于“网络互动”语义，与“网络恋爱语言”主题的关联距离为2级,"[""网络恋爱语言"", ""网络互动"", ""社交平台"", ""数字亲密""]"
495,零点发送纪念日祝福,零点发送纪念日祝福,节日,节日行为,4,2,false,属于“节日行为”语义，与“节日”主题的关联距离为2级,"[""节日"", ""节日行为"", ""礼物"", ""庆祝""]"
496,白色背景上的表达式,白色背景上的表达式,荒诞扩散区,字面拆解,1,4,true,属于“字面拆解”语义，与“荒诞扩散区”主题的关联距离为4级,"[""荒诞扩散区"", ""字面拆解"", ""字面双关"", ""语言游戏""]"
497,藏在心里的喜欢,藏在心里的喜欢,表白与追求,暗恋,4,1,false,属于“暗恋”语义，与“表白与追求”主题的关联距离为1级,"[""表白与追求"", ""暗恋"", ""单向好感""]"
498,邀请约会被拒绝,邀请约会被拒绝,被拒绝,明确拒绝,5,0,false,属于“明确拒绝”语义，与“被拒绝”主题的关联距离为0级,"[""被拒绝"", ""明确拒绝"", ""拒绝"", ""失败""]"
499,两个人的购物车,两个人的购物车,间接语义触发词,日常氛围,3,3,false,属于“日常氛围”语义，与“间接语义触发词”主题的关联距离为3级,"[""间接语义触发词"", ""日常氛围"", ""氛围"", ""陪伴""]"
500,关系经验没有增长,关系经验没有增长,高阶语义关联,人生进度,4,2,false,属于“人生进度”语义，与“高阶语义关联”主题的关联距离为2级,"[""高阶语义关联"", ""人生进度"", ""阶段"", ""进度""]"
501,确认对方是否舒服,确认对方是否舒服,亲密行为,亲密边界,4,2,false,属于“亲密边界”语义，与“亲密行为”主题的关联距离为2级,"[""亲密行为"", ""亲密边界"", ""边界"", ""明确同意""]"
502,觉得自己不符合审美,觉得自己不符合审美,吸引力与自我评价,外貌评价,4,1,false,属于“外貌评价”语义，与“吸引力与自我评价”主题的关联距离为1级,"[""吸引力与自我评价"", ""外貌评价"", ""外貌"", ""自信""]"
503,商量在哪座城市生活,商量在哪座城市生活,婚姻,成家计划,3,2,false,属于“成家计划”语义，与“婚姻”主题的关联距离为2级,"[""婚姻"", ""成家计划"", ""未来规划"", ""催婚""]"
504,看见晚霞穿过教学楼窗户,看见晚霞穿过教学楼窗户,季节与感官记忆,光影记忆,2,3,false,从长句变体族中抽取并审核的核心概念短语,"[""季节与感官记忆"", ""光影记忆"", ""短语化清洗""]"
505,等一个合适的人,等一个合适的人,对象与伴侣,寻找对象,4,1,false,属于“寻找对象”语义，与“对象与伴侣”主题的关联距离为1级,"[""对象与伴侣"", ""寻找对象"", ""择偶"", ""社交""]"
506,被人惦记的感觉,被人惦记的感觉,恋爱,恋爱体验,5,0,false,属于“恋爱体验”语义，与“恋爱”主题的关联距离为0级,"[""恋爱"", ""恋爱体验"", ""情感体验""]"
507,没有经历过初恋,没有经历过初恋,恋爱历史,初恋,5,0,false,属于“初恋”语义，与“恋爱历史”主题的关联距离为0级,"[""恋爱历史"", ""初恋"", ""第一次"", ""过去""]"
508,有没有喜欢的人,有没有喜欢的人,恋爱统计与提问,状态追问,5,0,false,属于“状态追问”语义，与“恋爱统计与提问”主题的关联距离为0级,"[""恋爱统计与提问"", ""状态追问"", ""状态"", ""隐私提问""]"
509,25岁没有恋爱经历,25岁没有恋爱经历,时间与年龄焦虑,年龄节点,5,0,false,属于“年龄节点”语义，与“时间与年龄焦虑”主题的关联距离为0级,"[""时间与年龄焦虑"", ""年龄节点"", ""年龄"", ""单身""]"
510,看见她穿着宽大的校服外套,看见她穿着宽大的校服外套,校园外貌与穿搭,校服细节,3,3,false,从长句变体族中抽取并审核的核心概念短语,"[""校园外貌与穿搭"", ""校服细节"", ""短语化清洗""]"
511,大学里认识女朋友,大学里认识女友,校园恋爱,大学恋爱,5,0,false,属于“大学恋爱”语义，与“校园恋爱”主题的关联距离为0级,"[""校园恋爱"", ""大学恋爱"", ""大学"", ""校园""]"
512,提醒喜欢的人带伞,提醒喜欢的人带伞,校园日常互动,生活照顾,4,2,false,从长句变体族中抽取并审核的核心概念短语,"[""校园日常互动"", ""生活照顾"", ""短语化清洗""]"
513,把名字写在同一张草稿纸上,把名字写在同一张草稿纸上,校园物件与暗号,交换信物,3,3,false,从长句变体族中抽取并审核的核心概念短语,"[""校园物件与暗号"", ""交换信物"", ""短语化清洗""]"
514,在图书馆同一排书架重逢,在图书馆同一排书架重逢,校园空间与路线,公共校园空间,3,3,false,从长句变体族中抽取并审核的核心概念短语,"[""校园空间与路线"", ""公共校园空间"", ""短语化清洗""]"
515,错过毕业前最后一次告白,错过毕业前最后一次告白,毕业与离别,未说出口,4,2,false,从长句变体族中抽取并审核的核心概念短语,"[""毕业与离别"", ""未说出口"", ""短语化清洗""]"
516,同学已经开始谈婚论嫁,同学已经开始谈婚论嫁,社会比较,同龄比较,5,1,false,属于“同龄比较”语义，与“社会比较”主题的关联距离为1级,"[""社会比较"", ""同龄比较"", ""同龄人"", ""横向比较""]"
517,看完展览去喝咖啡,看完展览去喝咖啡,约会,约会活动,4,1,false,属于“约会活动”语义，与“约会”主题的关联距离为1级,"[""约会"", ""约会活动"", ""双人活动""]"
518,共享社交账号日常,共享社交账号日常,网络恋爱语言,网络互动,4,2,false,属于“网络互动”语义，与“网络恋爱语言”主题的关联距离为2级,"[""网络恋爱语言"", ""网络互动"", ""社交平台"", ""数字亲密""]"
519,节日朋友圈官宣,节日朋友圈官宣,节日,节日行为,4,2,false,属于“节日行为”语义，与“节日”主题的关联距离为2级,"[""节日"", ""节日行为"", ""礼物"", ""庆祝""]"
520,告白气球只是气球,告白气球只是气球,荒诞扩散区,字面拆解,1,4,true,属于“字面拆解”语义，与“荒诞扩散区”主题的关联距离为4级,"[""荒诞扩散区"", ""字面拆解"", ""字面双关"", ""语言游戏""]"
521,不敢说出的好感,不敢说出的好感,表白与追求,暗恋,4,1,false,属于“暗恋”语义，与“表白与追求”主题的关联距离为1级,"[""表白与追求"", ""暗恋"", ""单向好感""]"
522,对方不愿意进一步发展,对方不愿意进一步发展,被拒绝,明确拒绝,5,0,false,属于“明确拒绝”语义，与“被拒绝”主题的关联距离为0级,"[""被拒绝"", ""明确拒绝"", ""拒绝"", ""失败""]"
523,下雨天共用一把伞,下雨天共用一把伞,间接语义触发词,日常氛围,3,3,false,属于“日常氛围”语义，与“间接语义触发词”主题的关联距离为3级,"[""间接语义触发词"", ""日常氛围"", ""氛围"", ""陪伴""]"
524,像是错过了一门必修课,像是错过了一门必修课,高阶语义关联,人生进度,4,2,false,属于“人生进度”语义，与“高阶语义关联”主题的关联距离为2级,"[""高阶语义关联"", ""人生进度"", ""阶段"", ""进度""]"
525,拒绝后立即停止,拒绝后立即停止,亲密行为,亲密边界,4,2,false,属于“亲密边界”语义，与“亲密行为”主题的关联距离为2级,"[""亲密行为"", ""亲密边界"", ""边界"", ""明确同意""]"
526,为了约会重新选衣服,为了约会重新选衣服,吸引力与自我评价,外貌评价,4,1,false,属于“外貌评价”语义，与“吸引力与自我评价”主题的关联距离为1级,"[""吸引力与自我评价"", ""外貌评价"", ""外貌"", ""自信""]"
527,共同承担家庭责任,共同承担家庭责任,婚姻,成家计划,3,2,false,属于“成家计划”语义，与“婚姻”主题的关联距离为2级,"[""婚姻"", ""成家计划"", ""未来规划"", ""催婚""]"
528,记住树影在校服上轻轻晃动,记住树影在校服上轻轻晃动,季节与感官记忆,光影记忆,2,3,false,从长句变体族中抽取并审核的核心概念短语,"[""季节与感官记忆"", ""光影记忆"", ""短语化清洗""]"
529,终于有了稳定对象,终于有了稳定对象,对象与伴侣,伴侣状态,5,1,false,从长句变体族中抽取并审核的核心概念短语,"[""对象与伴侣"", ""伴侣状态"", ""短语化清洗""]"
530,恋爱中的安全感,恋爱中的安全感,恋爱,恋爱体验,5,0,false,属于“恋爱体验”语义，与“恋爱”主题的关联距离为0级,"[""恋爱"", ""恋爱体验"", ""情感体验""]"
531,保留前任的照片,保留前任的照片,恋爱历史,前任,4,1,false,属于“前任”语义，与“恋爱历史”主题的关联距离为1级,"[""恋爱历史"", ""前任"", ""过去关系"", ""分手""]"
532,最近在谈恋爱吗,最近在谈恋爱吗,恋爱统计与提问,状态追问,5,0,false,属于“状态追问”语义，与“恋爱统计与提问”主题的关联距离为0级,"[""恋爱统计与提问"", ""状态追问"", ""状态"", ""隐私提问""]"
533,同龄人已经恋爱多年,同龄人已经恋爱多年,时间与年龄焦虑,年龄节点,5,0,false,属于“年龄节点”语义，与“时间与年龄焦虑”主题的关联距离为0级,"[""时间与年龄焦虑"", ""年龄节点"", ""年龄"", ""单身""]"
534,认出人群里熟悉的校服衣角,认出人群里熟悉的校服衣角,校园外貌与穿搭,校服细节,3,3,false,从长句变体族中抽取并审核的核心概念短语,"[""校园外貌与穿搭"", ""校服细节"", ""短语化清洗""]"
535,和同专业的人谈恋爱,和同专业的人谈恋爱,校园恋爱,大学恋爱,5,0,false,属于“大学恋爱”语义，与“校园恋爱”主题的关联距离为0级,"[""校园恋爱"", ""大学恋爱"", ""大学"", ""校园""]"
536,把自己的外套借给对方,把自己的外套借给对方,校园日常互动,生活照顾,4,2,false,从长句变体族中抽取并审核的核心概念短语,"[""校园日常互动"", ""生活照顾"", ""短语化清洗""]"
537,交换一根代表好感的小皮筋,交换一根代表好感的小皮筋,校园物件与暗号,交换信物,3,3,false,从长句变体族中抽取并审核的核心概念短语,"[""校园物件与暗号"", ""交换信物"", ""短语化清洗""]"
538,在自习室替对方留一个座位,在自习室替对方留一个座位,校园空间与路线,公共校园空间,3,3,false,从长句变体族中抽取并审核的核心概念短语,"[""校园空间与路线"", ""公共校园空间"", ""短语化清洗""]"
539,把喜欢藏进高考结束的夏天,把喜欢藏进高考结束的夏天,毕业与离别,未说出口,4,2,false,从长句变体族中抽取并审核的核心概念短语,"[""毕业与离别"", ""未说出口"", ""短语化清洗""]"
540,同龄人的感情进度,同龄人的感情进度,社会比较,同龄比较,5,1,false,属于“同龄比较”语义，与“社会比较”主题的关联距离为1级,"[""社会比较"", ""同龄比较"", ""同龄人"", ""横向比较""]"
541,在书店待一下午,在书店待一下午,约会,约会活动,4,1,false,属于“约会活动”语义，与“约会”主题的关联距离为1级,"[""约会"", ""约会活动"", ""双人活动""]"
542,秒回算不算喜欢,秒回算不算喜欢,网络恋爱语言,网络关系判断,3,2,false,属于“网络关系判断”语义，与“网络恋爱语言”主题的关联距离为2级,"[""网络恋爱语言"", ""网络关系判断"", ""关系判断"", ""线上关系""]"
543,一个人过情人节,一个人过情人节,节日,单身节日体验,4,2,false,属于“单身节日体验”语义，与“节日”主题的关联距离为2级,"[""节日"", ""单身节日体验"", ""单身"", ""节日场景""]"
544,恋爱脑神经网络,恋爱脑神经网络,荒诞扩散区,字面拆解,1,4,true,属于“字面拆解”语义，与“荒诞扩散区”主题的关联距离为4级,"[""荒诞扩散区"", ""字面拆解"", ""字面双关"", ""语言游戏""]"
545,默默关注喜欢的人,默默关注喜欢的人,表白与追求,暗恋,4,1,false,属于“暗恋”语义，与“表白与追求”主题的关联距离为1级,"[""表白与追求"", ""暗恋"", ""单向好感""]"
546,喜欢的人选择了别人,喜欢的人选择了别人,被拒绝,明确拒绝,5,0,false,属于“明确拒绝”语义，与“被拒绝”主题的关联距离为0级,"[""被拒绝"", ""明确拒绝"", ""拒绝"", ""失败""]"
547,冬天口袋里牵手,冬天口袋里牵手,间接语义触发词,日常氛围,3,3,false,属于“日常氛围”语义，与“间接语义触发词”主题的关联距离为3级,"[""间接语义触发词"", ""日常氛围"", ""氛围"", ""陪伴""]"
548,被时间表推着往前走,被时间表推着往前走,高阶语义关联,人生进度,4,2,false,属于“人生进度”语义，与“高阶语义关联”主题的关联距离为2级,"[""高阶语义关联"", ""人生进度"", ""阶段"", ""进度""]"
549,不把沉默当成同意,不把沉默当成同意,亲密行为,亲密边界,4,2,false,属于“亲密边界”语义，与“亲密行为”主题的关联距离为2级,"[""亲密行为"", ""亲密边界"", ""边界"", ""明确同意""]"
550,外貌焦虑影响主动社交,外貌焦虑影响主动社交,吸引力与自我评价,外貌评价,4,1,false,属于“外貌评价”语义，与“吸引力与自我评价”主题的关联距离为1级,"[""吸引力与自我评价"", ""外貌评价"", ""外貌"", ""自信""]"
551,家人问什么时候结婚,家人问什么时候结婚,婚姻,成家计划,3,2,false,属于“成家计划”语义，与“婚姻”主题的关联距离为2级,"[""婚姻"", ""成家计划"", ""未来规划"", ""催婚""]"
552,看见雨水沿着教室玻璃滑下,看见雨水沿着教室玻璃滑下,季节与感官记忆,光影记忆,2,3,false,从长句变体族中抽取并审核的核心概念短语,"[""季节与感官记忆"", ""光影记忆"", ""短语化清洗""]"
553,介绍身边的人是另一半,介绍身边的人是另一半,对象与伴侣,伴侣状态,5,1,false,从长句变体族中抽取并审核的核心概念短语,"[""对象与伴侣"", ""伴侣状态"", ""短语化清洗""]"
554,拥有双向的感情,拥有双向的感情,恋爱,恋爱体验,5,0,false,属于“恋爱体验”语义，与“恋爱”主题的关联距离为0级,"[""恋爱"", ""恋爱体验"", ""情感体验""]"
555,删除前任联系方式,删除前任联系方式,恋爱历史,前任,4,1,false,属于“前任”语义，与“恋爱历史”主题的关联距离为1级,"[""恋爱历史"", ""前任"", ""过去关系"", ""分手""]"
556,身边有合适的人吗,身边有合适的人吗,恋爱统计与提问,状态追问,5,0,false,属于“状态追问”语义，与“恋爱统计与提问”主题的关联距离为0级,"[""恋爱统计与提问"", ""状态追问"", ""状态"", ""隐私提问""]"
557,生日愿望是今年脱单,生日愿望是今年脱单,时间与年龄焦虑,年龄节点,5,0,false,属于“年龄节点”语义，与“时间与年龄焦虑”主题的关联距离为0级,"[""时间与年龄焦虑"", ""年龄节点"", ""年龄"", ""单身""]"
558,替对方整理歪掉的校服领口,替对方整理歪掉的校服领口,校园外貌与穿搭,校服细节,3,3,false,从长句变体族中抽取并审核的核心概念短语,"[""校园外貌与穿搭"", ""校服细节"", ""短语化清洗""]"
559,社团活动遇见喜欢的人,社团活动遇见喜欢的人,校园恋爱,大学恋爱,5,0,false,属于“大学恋爱”语义，与“校园恋爱”主题的关联距离为0级,"[""校园恋爱"", ""大学恋爱"", ""大学"", ""校园""]"
560,记住她不吃的食堂菜,记住她不吃的食堂菜,校园日常互动,生活照顾,4,2,false,从长句变体族中抽取并审核的核心概念短语,"[""校园日常互动"", ""生活照顾"", ""短语化清洗""]"
561,把校服第二颗纽扣留作纪念,把校服第二颗纽扣留作纪念,校园物件与暗号,交换信物,3,3,false,从长句变体族中抽取并审核的核心概念短语,"[""校园物件与暗号"", ""交换信物"", ""短语化清洗""]"
562,在小卖部门口假装偶遇,在小卖部门口假装偶遇,校园空间与路线,公共校园空间,3,3,false,从长句变体族中抽取并审核的核心概念短语,"[""校园空间与路线"", ""公共校园空间"", ""短语化清洗""]"
563,约定收到录取通知后再见,约定收到录取通知后再见,毕业与离别,未说出口,4,2,false,从长句变体族中抽取并审核的核心概念短语,"[""毕业与离别"", ""未说出口"", ""短语化清洗""]"
564,聚会里只有自己单身,聚会里只有自己单身,社会比较,同龄比较,5,1,false,属于“同龄比较”语义，与“社会比较”主题的关联距离为1级,"[""社会比较"", ""同龄比较"", ""同龄人"", ""横向比较""]"
565,精心挑选见面穿搭,精心挑选见面穿搭,约会,约会氛围,3,2,false,属于“约会氛围”语义，与“约会”主题的关联距离为2级,"[""约会"", ""约会氛围"", ""约会准备"", ""氛围""]"
566,不主动就是不喜欢吗,不主动就是不喜欢吗,网络恋爱语言,网络关系判断,3,2,false,属于“网络关系判断”语义，与“网络恋爱语言”主题的关联距离为2级,"[""网络恋爱语言"", ""网络关系判断"", ""关系判断"", ""线上关系""]"
567,七夕朋友圈静音,七夕朋友圈静音,节日,单身节日体验,4,2,false,属于“单身节日体验”语义，与“节日”主题的关联距离为2级,"[""节日"", ""单身节日体验"", ""单身"", ""节日场景""]"
568,牵手成功的握手协议,牵手成功的握手协议,荒诞扩散区,字面拆解,1,4,true,属于“字面拆解”语义，与“荒诞扩散区”主题的关联距离为4级,"[""荒诞扩散区"", ""字面拆解"", ""字面双关"", ""语言游戏""]"
569,远远看着喜欢的人,远远看着喜欢的人,表白与追求,暗恋,4,1,false,属于“暗恋”语义，与“表白与追求”主题的关联距离为1级,"[""表白与追求"", ""暗恋"", ""单向好感""]"
570,关系只能停在这里,关系只能停在这里,被拒绝,明确拒绝,5,0,false,属于“明确拒绝”语义，与“被拒绝”主题的关联距离为0级,"[""被拒绝"", ""明确拒绝"", ""拒绝"", ""失败""]"
571,等一句到家了吗,等一句到家了吗,间接语义触发词,日常氛围,3,3,false,属于“日常氛围”语义，与“间接语义触发词”主题的关联距离为3级,"[""间接语义触发词"", ""日常氛围"", ""氛围"", ""陪伴""]"
572,把脱单当成人生里程碑,把脱单当成人生里程碑,高阶语义关联,人生进度,4,2,false,属于“人生进度”语义，与“高阶语义关联”主题的关联距离为2级,"[""高阶语义关联"", ""人生进度"", ""阶段"", ""进度""]"
573,关系亲密也需要同意,关系亲密也需要同意,亲密行为,亲密边界,4,2,false,属于“亲密边界”语义，与“亲密行为”主题的关联距离为2级,"[""亲密行为"", ""亲密边界"", ""边界"", ""明确同意""]"
574,不知道怎么和女生相处,不知道怎么和女生相处,吸引力与自我评价,社交能力,4,1,false,属于“社交能力”语义，与“吸引力与自我评价”主题的关联距离为1级,"[""吸引力与自我评价"", ""社交能力"", ""聊天""]"
575,还没有对象就被问婚期,还没对象就被问婚期,婚姻,成家计划,3,2,false,属于“成家计划”语义，与“婚姻”主题的关联距离为2级,"[""婚姻"", ""成家计划"", ""未来规划"", ""催婚""]"
576,闻到新课本混着油墨的气味,闻到新课本混着油墨的气味,季节与感官记忆,光影记忆,2,3,false,从长句变体族中抽取并审核的核心概念短语,"[""季节与感官记忆"", ""光影记忆"", ""短语化清洗""]"
577,从单身状态顺利毕业,从单身状态顺利毕业,对象与伴侣,伴侣状态,5,1,false,从长句变体族中抽取并审核的核心概念短语,"[""对象与伴侣"", ""伴侣状态"", ""短语化清洗""]"
578,从朋友变成恋人,从朋友变成恋人,恋爱,关系发展,4,1,false,属于“关系发展”语义，与“恋爱”主题的关联距离为1级,"[""恋爱"", ""关系发展"", ""关系进展""]"
579,与前任彻底告别,与前任彻底告别,恋爱历史,前任,4,1,false,属于“前任”语义，与“恋爱历史”主题的关联距离为1级,"[""恋爱历史"", ""前任"", ""过去关系"", ""分手""]"
580,和谁聊天这么开心,和谁聊天这么开心,恋爱统计与提问,状态追问,5,0,false,属于“状态追问”语义，与“恋爱统计与提问”主题的关联距离为0级,"[""恋爱统计与提问"", ""状态追问"", ""状态"", ""隐私提问""]"
581,年龄增长恋爱经历没增长,年龄增长恋爱经历没增长,时间与年龄焦虑,年龄节点,5,0,false,属于“年龄节点”语义，与“时间与年龄焦虑”主题的关联距离为0级,"[""时间与年龄焦虑"", ""年龄节点"", ""年龄"", ""单身""]"
582,注意到校服袖口写着名字,注意到校服袖口写着名字,校园外貌与穿搭,校服细节,3,3,false,从长句变体族中抽取并审核的核心概念短语,"[""校园外貌与穿搭"", ""校服细节"", ""短语化清洗""]"
583,一起上选修课的恋人,一起上选修课的恋人,校园恋爱,大学恋爱,5,0,false,属于“大学恋爱”语义，与“校园恋爱”主题的关联距离为0级,"[""校园恋爱"", ""大学恋爱"", ""大学"", ""校园""]"
584,替迟到的人悄悄留门,替迟到的人悄悄留门,校园日常互动,生活照顾,4,2,false,从长句变体族中抽取并审核的核心概念短语,"[""校园日常互动"", ""生活照顾"", ""短语化清洗""]"
585,送出成对的钥匙扣,送出成对的钥匙扣,校园物件与暗号,交换信物,3,3,false,从长句变体族中抽取并审核的核心概念短语,"[""校园物件与暗号"", ""交换信物"", ""短语化清洗""]"
586,在食堂排队时站到她身后,在食堂排队时站到她身后,校园空间与路线,公共校园空间,3,3,false,从长句变体族中抽取并审核的核心概念短语,"[""校园空间与路线"", ""公共校园空间"", ""短语化清洗""]"
587,在散伙饭上忍住没说的话,在散伙饭上忍住没说的话,毕业与离别,未说出口,4,2,false,从长句变体族中抽取并审核的核心概念短语,"[""毕业与离别"", ""未说出口"", ""短语化清洗""]"
588,别人恋爱像是很容易,别人恋爱像是很容易,社会比较,同龄比较,5,1,false,属于“同龄比较”语义，与“社会比较”主题的关联距离为1级,"[""社会比较"", ""同龄比较"", ""同龄人"", ""横向比较""]"
589,提前到约会地点,提前到约会地点,约会,约会氛围,3,2,false,属于“约会氛围”语义，与“约会”主题的关联距离为2级,"[""约会"", ""约会氛围"", ""约会准备"", ""氛围""]"
590,暧昧期多久算正常,暧昧期多久算正常,网络恋爱语言,网络关系判断,3,2,false,属于“网络关系判断”语义，与“网络恋爱语言”主题的关联距离为2级,"[""网络恋爱语言"", ""网络关系判断"", ""关系判断"", ""线上关系""]"
591,双十一不只是购物节,双十一不只是购物节,节日,单身节日体验,4,2,false,属于“单身节日体验”语义，与“节日”主题的关联距离为2级,"[""节日"", ""单身节日体验"", ""单身"", ""节日场景""]"
592,初吻数据初始化,初吻数据初始化,荒诞扩散区,字面拆解,1,4,true,属于“字面拆解”语义，与“荒诞扩散区”主题的关联距离为4级,"[""荒诞扩散区"", ""字面拆解"", ""字面双关"", ""语言游戏""]"
593,把喜欢写进日记,把喜欢写进日记,表白与追求,暗恋,4,1,false,属于“暗恋”语义，与“表白与追求”主题的关联距离为1级,"[""表白与追求"", ""暗恋"", ""单向好感""]"
594,我只把你当朋友,我只把你当朋友,被拒绝,委婉拒绝,5,1,false,属于“委婉拒绝”语义，与“被拒绝”主题的关联距离为1级,"[""被拒绝"", ""委婉拒绝"", ""委婉表达"", ""疏远""]"
595,有人记得饮料口味,有人记得饮料口味,间接语义触发词,日常氛围,3,3,false,属于“日常氛围”语义，与“间接语义触发词”主题的关联距离为3级,"[""间接语义触发词"", ""日常氛围"", ""氛围"", ""陪伴""]"
596,没有经历过校园恋爱,没有经历过校园恋爱,高阶语义关联,青春遗憾,4,2,false,属于“青春遗憾”语义，与“高阶语义关联”主题的关联距离为2级,"[""高阶语义关联"", ""青春遗憾"", ""遗憾"", ""回忆""]"
597,注意对方的退缩信号,注意对方的退缩信号,亲密行为,亲密边界,4,2,false,属于“亲密边界”语义，与“亲密行为”主题的关联距离为2级,"[""亲密行为"", ""亲密边界"", ""边界"", ""明确同意""]"
598,不敢主动开启话题,不敢主动开启话题,吸引力与自我评价,社交能力,4,1,false,属于“社交能力”语义，与“吸引力与自我评价”主题的关联距离为1级,"[""吸引力与自我评价"", ""社交能力"", ""聊天""]"
599,收到朋友发来的婚礼请柬,收到朋友发来的婚礼请柬,婚姻,婚姻仪式,4,2,false,从长句变体族中抽取并审核的核心概念短语,"[""婚姻"", ""婚姻仪式"", ""短语化清洗""]"
600,记住雨后塑胶跑道的气味,记住雨后塑胶跑道的气味,季节与感官记忆,光影记忆,2,3,false,从长句变体族中抽取并审核的核心概念短语,"[""季节与感官记忆"", ""光影记忆"", ""短语化清洗""]"
601,朋友介绍了合适的人,朋友介绍了合适的人,对象与伴侣,伴侣状态,5,1,false,从长句变体族中抽取并审核的核心概念短语,"[""对象与伴侣"", ""伴侣状态"", ""短语化清洗""]"
602,关系进入新阶段,关系进入新阶段,恋爱,关系发展,4,1,false,属于“关系发展”语义，与“恋爱”主题的关联距离为1级,"[""恋爱"", ""关系发展"", ""关系进展""]"
603,听见对方谈前任,听见对方谈前任,恋爱历史,前任,4,1,false,属于“前任”语义，与“恋爱历史”主题的关联距离为1级,"[""恋爱历史"", ""前任"", ""过去关系"", ""分手""]"
604,是不是快脱单了,是不是快脱单了,恋爱统计与提问,状态追问,5,0,false,属于“状态追问”语义，与“恋爱统计与提问”主题的关联距离为0级,"[""恋爱统计与提问"", ""状态追问"", ""状态"", ""隐私提问""]"
605,下一个生日还会单身吗,下一个生日还会单身吗,时间与年龄焦虑,年龄节点,5,0,false,属于“年龄节点”语义，与“时间与年龄焦虑”主题的关联距离为0级,"[""时间与年龄焦虑"", ""年龄节点"", ""年龄"", ""单身""]"
606,看见白衬衫被晚霞染成金色,看见白衬衫被晚霞染成金色,校园外貌与穿搭,校服细节,3,3,false,从长句变体族中抽取并审核的核心概念短语,"[""校园外貌与穿搭"", ""校服细节"", ""短语化清洗""]"
607,毕业季校园情侣,毕业季校园情侣,校园恋爱,大学恋爱,5,0,false,属于“大学恋爱”语义，与“校园恋爱”主题的关联距离为0级,"[""校园恋爱"", ""大学恋爱"", ""大学"", ""校园""]"
608,在值日时一起擦黑板,在值日时一起擦黑板,校园日常互动,集体活动,4,2,false,从长句变体族中抽取并审核的核心概念短语,"[""校园日常互动"", ""集体活动"", ""短语化清洗""]"
609,互换写着祝福的书签,互换写着祝福的书签,校园物件与暗号,交换信物,3,3,false,从长句变体族中抽取并审核的核心概念短语,"[""校园物件与暗号"", ""交换信物"", ""短语化清洗""]"
610,在校园广播站等一首点歌,在校园广播站等一首点歌,校园空间与路线,运动区域,3,3,false,从长句变体族中抽取并审核的核心概念短语,"[""校园空间与路线"", ""运动区域"", ""短语化清洗""]"
611,听完最后一次校园广播,听完最后一次校园广播,毕业与离别,未说出口,4,2,false,从长句变体族中抽取并审核的核心概念短语,"[""毕业与离别"", ""未说出口"", ""短语化清洗""]"
612,室友和对象打视频,室友和对象打视频,社会比较,室友同学,5,0,false,属于“室友同学”语义，与“社会比较”主题的关联距离为0级,"[""社会比较"", ""室友同学"", ""室友"", ""同学""]"
613,见面前反复照镜子,见面前反复照镜子,约会,约会氛围,3,2,false,属于“约会氛围”语义，与“约会”主题的关联距离为2级,"[""约会"", ""约会氛围"", ""约会准备"", ""氛围""]"
614,聊天频率代表好感吗,聊天频率代表好感吗,网络恋爱语言,网络关系判断,3,2,false,属于“网络关系判断”语义，与“网络恋爱语言”主题的关联距离为2级,"[""网络恋爱语言"", ""网络关系判断"", ""关系判断"", ""线上关系""]"
615,圣诞夜没有约会,圣诞夜没有约会,节日,单身节日体验,4,2,false,属于“单身节日体验”语义，与“节日”主题的关联距离为2级,"[""节日"", ""单身节日体验"", ""单身"", ""节日场景""]"
616,前任变量已被覆盖,前任变量已被覆盖,荒诞扩散区,字面拆解,1,4,true,属于“字面拆解”语义，与“荒诞扩散区”主题的关联距离为4级,"[""荒诞扩散区"", ""字面拆解"", ""字面双关"", ""语言游戏""]"
617,只有朋友知道的暗恋,只有朋友知道的暗恋,表白与追求,暗恋,4,1,false,属于“暗恋”语义，与“表白与追求”主题的关联距离为1级,"[""表白与追求"", ""暗恋"", ""单向好感""]"
618,你人很好但是不合适,你人很好但是不合适,被拒绝,委婉拒绝,5,1,false,属于“委婉拒绝”语义，与“被拒绝”主题的关联距离为1级,"[""被拒绝"", ""委婉拒绝"", ""委婉表达"", ""疏远""]"
619,手机里多了一张合照,手机里多了一张合照,间接语义触发词,日常氛围,3,3,false,属于“日常氛围”语义，与“间接语义触发词”主题的关联距离为3级,"[""间接语义触发词"", ""日常氛围"", ""氛围"", ""陪伴""]"
620,青春里缺了一段故事,青春里缺了一段故事,高阶语义关联,青春遗憾,4,2,false,属于“青春遗憾”语义，与“高阶语义关联”主题的关联距离为2级,"[""高阶语义关联"", ""青春遗憾"", ""遗憾"", ""回忆""]"
621,给彼此留出安全距离,给彼此留出安全距离,亲密行为,亲密边界,4,2,false,属于“亲密边界”语义，与“亲密行为”主题的关联距离为2级,"[""亲密行为"", ""亲密边界"", ""边界"", ""明确同意""]"
622,读不懂好感信号,读不懂好感信号,吸引力与自我评价,社交能力,4,1,false,属于“社交能力”语义，与“吸引力与自我评价”主题的关联距离为1级,"[""吸引力与自我评价"", ""社交能力"", ""聊天""]"
623,看见恋人交换订婚戒指,看见恋人交换订婚戒指,婚姻,婚姻仪式,4,2,false,从长句变体族中抽取并审核的核心概念短语,"[""婚姻"", ""婚姻仪式"", ""短语化清洗""]"
624,感到共用雨伞时靠近的温度,感到共用雨伞时靠近的温度,季节与感官记忆,气味与温度,2,3,false,从长句变体族中抽取并审核的核心概念短语,"[""季节与感官记忆"", ""气味与温度"", ""短语化清洗""]"
625,认真思考理想伴侣,认真思考理想伴侣,对象与伴侣,伴侣状态,5,1,false,从长句变体族中抽取并审核的核心概念短语,"[""对象与伴侣"", ""伴侣状态"", ""短语化清洗""]"
626,从好感走向确定,从好感走向确定,恋爱,关系发展,4,1,false,属于“关系发展”语义，与“恋爱”主题的关联距离为1级,"[""恋爱"", ""关系发展"", ""关系进展""]"
627,最长的一段恋爱,最长的一段恋爱,恋爱历史,经历盘点,5,0,false,属于“经历盘点”语义，与“恋爱历史”主题的关联距离为0级,"[""恋爱历史"", ""经历盘点"", ""经历"", ""盘点""]"
628,家里有没有催着找对象,家里有没有催着找对象,恋爱统计与提问,状态追问,5,0,false,属于“状态追问”语义，与“恋爱统计与提问”主题的关联距离为0级,"[""恋爱统计与提问"", ""状态追问"", ""状态"", ""隐私提问""]"
629,高中毕业还没恋爱过,高中毕业还没恋爱过,时间与年龄焦虑,毕业节点,5,0,false,属于“毕业节点”语义，与“时间与年龄焦虑”主题的关联距离为0级,"[""时间与年龄焦虑"", ""毕业节点"", ""毕业"", ""人生节点""]"
630,发现手腕上多了一根小皮筋,发现手腕上多了一根小皮筋,校园外貌与穿搭,随身装饰,3,3,false,从长句变体族中抽取并审核的核心概念短语,"[""校园外貌与穿搭"", ""随身装饰"", ""短语化清洗""]"
631,大学四年都有对象,大学四年都有对象,校园恋爱,大学恋爱,5,0,false,属于“大学恋爱”语义，与“校园恋爱”主题的关联距离为0级,"[""校园恋爱"", ""大学恋爱"", ""大学"", ""校园""]"
632,一起搬运动会用的桌椅,一起搬运动会用的桌椅,校园日常互动,集体活动,4,2,false,从长句变体族中抽取并审核的核心概念短语,"[""校园日常互动"", ""集体活动"", ""短语化清洗""]"
633,借出一支舍不得收回的笔,借出一支舍不得收回的笔,校园物件与暗号,学习用品,3,3,false,从长句变体族中抽取并审核的核心概念短语,"[""校园物件与暗号"", ""学习用品"", ""短语化清洗""]"
634,在礼堂散场后寻找对方,在礼堂散场后寻找对方,校园空间与路线,运动区域,3,3,false,从长句变体族中抽取并审核的核心概念短语,"[""校园空间与路线"", ""运动区域"", ""短语化清洗""]"
635,收拾课桌时找到旧纸条,收拾课桌时找到旧纸条,毕业与离别,分别时刻,4,2,false,从长句变体族中抽取并审核的核心概念短语,"[""毕业与离别"", ""分别时刻"", ""短语化清洗""]"
636,舍友周末都去约会,舍友周末都去约会,社会比较,室友同学,5,0,false,属于“室友同学”语义，与“社会比较”主题的关联距离为0级,"[""社会比较"", ""室友同学"", ""室友"", ""同学""]"
637,餐桌上的短暂冷场,餐桌上的短暂冷场,约会,约会氛围,3,2,false,属于“约会氛围”语义，与“约会”主题的关联距离为2级,"[""约会"", ""约会氛围"", ""约会准备"", ""氛围""]"
638,断联后还要不要联系,断联后还要不要联系,网络恋爱语言,网络关系判断,3,2,false,属于“网络关系判断”语义，与“网络恋爱语言”主题的关联距离为2级,"[""网络恋爱语言"", ""网络关系判断"", ""关系判断"", ""线上关系""]"
639,节日被问有没有对象,节日被问有没有对象,节日,单身节日体验,4,2,false,属于“单身节日体验”语义，与“节日”主题的关联距离为2级,"[""节日"", ""单身节日体验"", ""单身"", ""节日场景""]"
640,爱情公寓的房屋租赁,爱情公寓的房屋租赁,荒诞扩散区,字面拆解,1,4,true,属于“字面拆解”语义，与“荒诞扩散区”主题的关联距离为4级,"[""荒诞扩散区"", ""字面拆解"", ""字面双关"", ""语言游戏""]"
641,主动追求喜欢的人,主动追求喜欢的人,表白与追求,追求过程,4,1,false,属于“追求过程”语义，与“表白与追求”主题的关联距离为1级,"[""表白与追求"", ""追求过程"", ""主动行动""]"
642,我们还是做朋友吧,我们还是做朋友吧,被拒绝,委婉拒绝,5,1,false,属于“委婉拒绝”语义，与“被拒绝”主题的关联距离为1级,"[""被拒绝"", ""委婉拒绝"", ""委婉表达"", ""疏远""]"
643,周末行程不再空白,周末行程不再空白,间接语义触发词,日常氛围,3,3,false,属于“日常氛围”语义，与“间接语义触发词”主题的关联距离为3级,"[""间接语义触发词"", ""日常氛围"", ""氛围"", ""陪伴""]"
644,回忆里没有恋爱片段,回忆里没有恋爱片段,高阶语义关联,青春遗憾,4,2,false,属于“青春遗憾”语义，与“高阶语义关联”主题的关联距离为2级,"[""高阶语义关联"", ""青春遗憾"", ""遗憾"", ""回忆""]"
645,为越界行为真诚道歉,为越界行为真诚道歉,亲密行为,亲密边界,4,2,false,属于“亲密边界”语义，与“亲密行为”主题的关联距离为2级,"[""亲密行为"", ""亲密边界"", ""边界"", ""明确同意""]"
646,担心自己太无趣,担心自己太无趣,吸引力与自我评价,社交能力,4,1,false,属于“社交能力”语义，与“吸引力与自我评价”主题的关联距离为1级,"[""吸引力与自我评价"", ""社交能力"", ""聊天""]"
647,讨论以后在哪座城市生活,讨论以后在哪座城市生活,婚姻,婚姻仪式,4,2,false,从长句变体族中抽取并审核的核心概念短语,"[""婚姻"", ""婚姻仪式"", ""短语化清洗""]"
648,记住冬天热水杯传来的暖意,记住冬天热水杯传来的暖意,季节与感官记忆,气味与温度,2,3,false,从长句变体族中抽取并审核的核心概念短语,"[""季节与感官记忆"", ""气味与温度"", ""短语化清洗""]"
649,遇到愿意互相陪伴的人,遇到愿意互相陪伴的人,对象与伴侣,寻找伴侣,5,1,false,从长句变体族中抽取并审核的核心概念短语,"[""对象与伴侣"", ""寻找伴侣"", ""短语化清洗""]"
650,把暧昧变成恋爱,把暧昧变成恋爱,恋爱,关系发展,4,1,false,属于“关系发展”语义，与“恋爱”主题的关联距离为1级,"[""恋爱"", ""关系发展"", ""关系进展""]"
651,上一段恋爱多久,上一段恋爱多久,恋爱历史,经历盘点,5,0,false,属于“经历盘点”语义，与“恋爱历史”主题的关联距离为0级,"[""恋爱历史"", ""经历盘点"", ""经历"", ""盘点""]"
652,你们两个是什么关系,你们两个是什么关系,恋爱统计与提问,状态追问,5,0,false,属于“状态追问”语义，与“恋爱统计与提问”主题的关联距离为0级,"[""恋爱统计与提问"", ""状态追问"", ""状态"", ""隐私提问""]"
653,大学毕业还没对象,大学毕业还没对象,时间与年龄焦虑,毕业节点,5,0,false,属于“毕业节点”语义，与“时间与年龄焦虑”主题的关联距离为0级,"[""时间与年龄焦虑"", ""毕业节点"", ""毕业"", ""人生节点""]"
654,把对方送的小皮筋戴在手腕,把对方送的小皮筋戴在手腕,校园外貌与穿搭,随身装饰,3,3,false,从长句变体族中抽取并审核的核心概念短语,"[""校园外貌与穿搭"", ""随身装饰"", ""短语化清洗""]"
655,大学毕业前谈一场恋爱,大学毕业前谈一场恋爱,校园恋爱,大学恋爱,5,0,false,属于“大学恋爱”语义，与“校园恋爱”主题的关联距离为0级,"[""校园恋爱"", ""大学恋爱"", ""大学"", ""校园""]"
656,在社团排练后帮忙收器材,在社团排练后帮忙收器材,校园日常互动,集体活动,4,2,false,从长句变体族中抽取并审核的核心概念短语,"[""校园日常互动"", ""集体活动"", ""短语化清洗""]"
657,在橡皮上刻下对方的缩写,在橡皮上刻下对方的缩写,校园物件与暗号,学习用品,3,3,false,从长句变体族中抽取并审核的核心概念短语,"[""校园物件与暗号"", ""学习用品"", ""短语化清洗""]"
658,沿着操场跑道陪她慢慢走,沿着操场跑道陪她慢慢走,校园空间与路线,运动区域,3,3,false,从长句变体族中抽取并审核的核心概念短语,"[""校园空间与路线"", ""运动区域"", ""短语化清洗""]"
659,离校前再走一遍熟悉的操场,离校前再走一遍熟悉的操场,毕业与离别,分别时刻,4,2,false,从长句变体族中抽取并审核的核心概念短语,"[""毕业与离别"", ""分别时刻"", ""短语化清洗""]"
660,寝室只剩一个单身的人,寝室只剩一个单身的人,社会比较,室友同学,5,0,false,属于“室友同学”语义，与“社会比较”主题的关联距离为0级,"[""社会比较"", ""室友同学"", ""室友"", ""同学""]"
661,分别后回味聊天内容,分别后回味聊天内容,约会,约会氛围,3,2,false,属于“约会氛围”语义，与“约会”主题的关联距离为2级,"[""约会"", ""约会氛围"", ""约会准备"", ""氛围""]"
662,朋友圈可见范围的暗示,朋友圈可见范围的暗示,网络恋爱语言,网络关系判断,3,2,false,属于“网络关系判断”语义，与“网络恋爱语言”主题的关联距离为2级,"[""网络恋爱语言"", ""网络关系判断"", ""关系判断"", ""线上关系""]"
663,情侣节日独自加班,情侣节日独自加班,节日,单身节日体验,4,2,false,属于“单身节日体验”语义，与“节日”主题的关联距离为2级,"[""节日"", ""单身节日体验"", ""单身"", ""节日场景""]"
664,玫瑰图不是玫瑰花,玫瑰图不是玫瑰花,荒诞扩散区,字面拆解,1,4,true,属于“字面拆解”语义，与“荒诞扩散区”主题的关联距离为4级,"[""荒诞扩散区"", ""字面拆解"", ""字面双关"", ""语言游戏""]"
665,约喜欢的人单独见面,约喜欢的人单独见面,表白与追求,追求过程,4,1,false,属于“追求过程”语义，与“表白与追求”主题的关联距离为1级,"[""表白与追求"", ""追求过程"", ""主动行动""]"
666,现在不考虑谈恋爱,现在不考虑谈恋爱,被拒绝,委婉拒绝,5,1,false,属于“委婉拒绝”语义，与“被拒绝”主题的关联距离为1级,"[""被拒绝"", ""委婉拒绝"", ""委婉表达"", ""疏远""]"
667,看见电影院里的双人座,看见电影院里的双人座,间接语义触发词,场景联想,3,3,false,从长句变体族中抽取并审核的核心概念短语,"[""间接语义触发词"", ""场景联想"", ""短语化清洗""]"
668,年轻时没敢说喜欢,年轻时没敢说喜欢,高阶语义关联,青春遗憾,4,2,false,属于“青春遗憾”语义，与“高阶语义关联”主题的关联距离为2级,"[""高阶语义关联"", ""青春遗憾"", ""遗憾"", ""回忆""]"
669,接受对方不想继续接触,接受对方不想继续接触,亲密行为,亲密边界,4,2,false,属于“亲密边界”语义，与“亲密行为”主题的关联距离为2级,"[""亲密行为"", ""亲密边界"", ""边界"", ""明确同意""]"
670,不会表达真实感受,不会表达真实感受,吸引力与自我评价,社交能力,4,1,false,属于“社交能力”语义，与“吸引力与自我评价”主题的关联距离为1级,"[""吸引力与自我评价"", ""社交能力"", ""聊天""]"
671,考虑要不要带对象见父母,考虑要不要带对象见父母,婚姻,婚姻仪式,4,2,false,从长句变体族中抽取并审核的核心概念短语,"[""婚姻"", ""婚姻仪式"", ""短语化清洗""]"
672,等春天樱花落在她肩上,等春天樱花落在她肩上,季节与感官记忆,气味与温度,2,3,false,从长句变体族中抽取并审核的核心概念短语,"[""季节与感官记忆"", ""气味与温度"", ""短语化清洗""]"
673,开始主动扩大社交圈,开始主动扩大社交圈,对象与伴侣,寻找伴侣,5,1,false,从长句变体族中抽取并审核的核心概念短语,"[""对象与伴侣"", ""寻找伴侣"", ""短语化清洗""]"
674,第一次确认恋爱关系,第一次确认恋爱关系,恋爱,关系建立,5,1,false,从长句变体族中抽取并审核的核心概念短语,"[""恋爱"", ""关系建立"", ""短语化清洗""]"
675,有没有被认真爱过,有没有被认真爱过,恋爱历史,经历盘点,5,0,false,属于“经历盘点”语义，与“恋爱历史”主题的关联距离为0级,"[""恋爱历史"", ""经历盘点"", ""经历"", ""盘点""]"
676,她是你女朋友吗,她是你女友吗,恋爱统计与提问,状态追问,5,0,false,属于“状态追问”语义，与“恋爱统计与提问”主题的关联距离为0级,"[""恋爱统计与提问"", ""状态追问"", ""状态"", ""隐私提问""]"
677,研究生毕业仍然单身,研究生毕业仍然单身,时间与年龄焦虑,毕业节点,5,0,false,属于“毕业节点”语义，与“时间与年龄焦虑”主题的关联距离为0级,"[""时间与年龄焦虑"", ""毕业节点"", ""毕业"", ""人生节点""]"
678,认出书包上新挂的钥匙扣,认出书包上新挂的钥匙扣,校园外貌与穿搭,随身装饰,3,3,false,从长句变体族中抽取并审核的核心概念短语,"[""校园外貌与穿搭"", ""随身装饰"", ""短语化清洗""]"
679,学姐主动加微信,学姐主动加微信,校园恋爱,校园角色,4,2,false,属于“校园角色”语义，与“校园恋爱”主题的关联距离为2级,"[""校园恋爱"", ""校园角色"", ""同学"", ""校园场景""]"
680,为对方的比赛偷偷加油,为对方的比赛偷偷加油,校园日常互动,集体活动,4,2,false,从长句变体族中抽取并审核的核心概念短语,"[""校园日常互动"", ""集体活动"", ""短语化清洗""]"
681,把复习资料装订得整整齐齐,把复习资料装订得整整齐齐,校园物件与暗号,学习用品,3,3,false,从长句变体族中抽取并审核的核心概念短语,"[""校园物件与暗号"", ""学习用品"", ""短语化清洗""]"
682,在篮球场边递上一瓶水,在篮球场边递上一瓶水,校园空间与路线,运动区域,3,3,false,从长句变体族中抽取并审核的核心概念短语,"[""校园空间与路线"", ""运动区域"", ""短语化清洗""]"
683,在校门口说出以后常联系,在校门口说出以后常联系,毕业与离别,分别时刻,4,2,false,从长句变体族中抽取并审核的核心概念短语,"[""毕业与离别"", ""分别时刻"", ""短语化清洗""]"
684,室友分享恋爱日常,室友分享恋爱日常,社会比较,室友同学,5,0,false,属于“室友同学”语义，与“社会比较”主题的关联距离为0级,"[""社会比较"", ""室友同学"", ""室友"", ""同学""]"
685,期待下一次见面,期待下一次见面,约会,约会氛围,3,2,false,属于“约会氛围”语义，与“约会”主题的关联距离为2级,"[""约会"", ""约会氛围"", ""约会准备"", ""氛围""]"
686,网络认识的人能否奔现,网络认识的人能否奔现,网络恋爱语言,网络关系判断,3,2,false,属于“网络关系判断”语义，与“网络恋爱语言”主题的关联距离为2级,"[""网络恋爱语言"", ""网络关系判断"", ""关系判断"", ""线上关系""]"
687,看见街上到处卖花,看见街上到处卖花,节日,单身节日体验,4,2,false,属于“单身节日体验”语义，与“节日”主题的关联距离为2级,"[""节日"", ""单身节日体验"", ""单身"", ""节日场景""]"
688,有理数也想变得感性,有理数也想变得感性,荒诞扩散区,跨域联想,1,4,true,属于“跨域联想”语义，与“荒诞扩散区”主题的关联距离为4级,"[""荒诞扩散区"", ""跨域联想"", ""跨领域"", ""荒诞联想""]"
689,给心上人准备礼物,给心上人准备礼物,表白与追求,追求过程,4,1,false,属于“追求过程”语义，与“表白与追求”主题的关联距离为1级,"[""表白与追求"", ""追求过程"", ""主动行动""]"
690,我对你没有那种感觉,我对你没有那种感觉,被拒绝,委婉拒绝,5,1,false,属于“委婉拒绝”语义，与“被拒绝”主题的关联距离为1级,"[""被拒绝"", ""委婉拒绝"", ""委婉表达"", ""疏远""]"
691,路过摆满玫瑰的花店,路过摆满玫瑰的花店,间接语义触发词,场景联想,3,3,false,从长句变体族中抽取并审核的核心概念短语,"[""间接语义触发词"", ""场景联想"", ""短语化清洗""]"
692,毕业后才想起那次心动,毕业后才想起那次心动,高阶语义关联,青春遗憾,4,2,false,属于“青春遗憾”语义，与“高阶语义关联”主题的关联距离为2级,"[""高阶语义关联"", ""青春遗憾"", ""遗憾"", ""回忆""]"
693,第一次牵住喜欢的人的手,第一次牵住喜欢的人的手,亲密行为,亲密互动,5,1,false,从长句变体族中抽取并审核的核心概念短语,"[""亲密行为"", ""亲密互动"", ""短语化清洗""]"
694,面对喜欢的人变得紧张,面对喜欢的人变得紧张,吸引力与自我评价,社交能力,4,1,false,属于“社交能力”语义，与“吸引力与自我评价”主题的关联距离为1级,"[""吸引力与自我评价"", ""社交能力"", ""聊天""]"
695,从恋爱走向共同生活,从恋爱走向共同生活,婚姻,婚姻仪式,4,2,false,从长句变体族中抽取并审核的核心概念短语,"[""婚姻"", ""婚姻仪式"", ""短语化清洗""]"
696,在盛夏风扇声里偷偷心动,在盛夏风扇声里偷偷心动,季节与感官记忆,气味与温度,2,3,false,从长句变体族中抽取并审核的核心概念短语,"[""季节与感官记忆"", ""气味与温度"", ""短语化清洗""]"
697,期待有人一起规划周末,期待有人一起规划周末,对象与伴侣,寻找伴侣,5,1,false,从长句变体族中抽取并审核的核心概念短语,"[""对象与伴侣"", ""寻找伴侣"", ""短语化清洗""]"
698,感受到双向喜欢,感受到双向喜欢,恋爱,关系建立,5,1,false,从长句变体族中抽取并审核的核心概念短语,"[""恋爱"", ""关系建立"", ""短语化清洗""]"
699,曾经喜欢过什么样的人,曾经喜欢过什么样的人,恋爱历史,经历盘点,5,0,false,属于“经历盘点”语义，与“恋爱历史”主题的关联距离为0级,"[""恋爱历史"", ""经历盘点"", ""经历"", ""盘点""]"
700,今年能谈上恋爱吗,今年能谈上恋爱吗,恋爱统计与提问,时间预测,4,1,false,属于“时间预测”语义，与“恋爱统计与提问”主题的关联距离为1级,"[""恋爱统计与提问"", ""时间预测"", ""时间"", ""预测""]"
701,毕业前没有谈过恋爱,毕业前没有有恋爱经历,时间与年龄焦虑,毕业节点,5,0,false,属于“毕业节点”语义，与“时间与年龄焦虑”主题的关联距离为0级,"[""时间与年龄焦虑"", ""毕业节点"", ""毕业"", ""人生节点""]"
702,留意她每天更换的发卡,留意她每天更换的发卡,校园外貌与穿搭,随身装饰,3,3,false,从长句变体族中抽取并审核的核心概念短语,"[""校园外貌与穿搭"", ""随身装饰"", ""短语化清洗""]"
703,社团里的心动对象,社团里的心动对象,校园恋爱,校园角色,4,2,false,属于“校园角色”语义，与“校园恋爱”主题的关联距离为2级,"[""校园恋爱"", ""校园角色"", ""同学"", ""校园场景""]"
704,在班级合唱时站到她旁边,在班级合唱时站到她旁边,校园日常互动,集体活动,4,2,false,从长句变体族中抽取并审核的核心概念短语,"[""校园日常互动"", ""集体活动"", ""短语化清洗""]"
705,在错题本角落留下鼓励,在错题本角落留下鼓励,校园物件与暗号,学习用品,3,3,false,从长句变体族中抽取并审核的核心概念短语,"[""校园物件与暗号"", ""学习用品"", ""短语化清洗""]"
706,在看台最高一排并肩坐着,在看台最高一排并肩坐着,校园空间与路线,运动区域,3,3,false,从长句变体族中抽取并审核的核心概念短语,"[""校园空间与路线"", ""运动区域"", ""短语化清洗""]"
707,目送对方坐上不同方向的车,目送对方坐上不同方向的车,毕业与离别,分别时刻,4,2,false,从长句变体族中抽取并审核的核心概念短语,"[""毕业与离别"", ""分别时刻"", ""短语化清洗""]"
708,同班同学官宣对象,同班同学官宣对象,社会比较,室友同学,5,0,false,属于“室友同学”语义，与“社会比较”主题的关联距离为0级,"[""社会比较"", ""室友同学"", ""室友"", ""同学""]"
709,约会结束舍不得走,约会结束舍不得走,约会,约会氛围,3,2,false,属于“约会氛围”语义，与“约会”主题的关联距离为2级,"[""约会"", ""约会氛围"", ""约会准备"", ""氛围""]"
710,只聊天不见面是什么关系,只聊天不见面是什么关系,网络恋爱语言,网络关系判断,3,2,false,属于“网络关系判断”语义，与“网络恋爱语言”主题的关联距离为2级,"[""网络恋爱语言"", ""网络关系判断"", ""关系判断"", ""线上关系""]"
711,收到商家的情侣套餐推送,收到商家的情侣套餐推送,节日,单身节日体验,4,2,false,属于“单身节日体验”语义，与“节日”主题的关联距离为2级,"[""节日"", ""单身节日体验"", ""单身"", ""节日场景""]"
712,偶数天生适合成双,偶数天生适合成双,荒诞扩散区,跨域联想,1,4,true,属于“跨域联想”语义，与“荒诞扩散区”主题的关联距离为4级,"[""荒诞扩散区"", ""跨域联想"", ""跨领域"", ""荒诞联想""]"
713,持续释放好感信号,持续释放好感信号,表白与追求,追求过程,4,1,false,属于“追求过程”语义，与“表白与追求”主题的关联距离为1级,"[""表白与追求"", ""追求过程"", ""主动行动""]"
714,你会遇到更好的人,你会遇到更好的人,被拒绝,委婉拒绝,5,1,false,属于“委婉拒绝”语义，与“被拒绝”主题的关联距离为1级,"[""被拒绝"", ""委婉拒绝"", ""委婉表达"", ""疏远""]"
715,发现饮品店推出情侣套餐,发现饮品店推出情侣套餐,间接语义触发词,场景联想,3,3,false,从长句变体族中抽取并审核的核心概念短语,"[""间接语义触发词"", ""场景联想"", ""短语化清洗""]"
716,没留下两个人的合照,没留下两个人的合照,高阶语义关联,青春遗憾,4,2,false,属于“青春遗憾”语义，与“高阶语义关联”主题的关联距离为2级,"[""高阶语义关联"", ""青春遗憾"", ""遗憾"", ""回忆""]"
717,得到同意后拥抱对方,得到同意后拥抱对方,亲密行为,亲密互动,5,1,false,从长句变体族中抽取并审核的核心概念短语,"[""亲密行为"", ""亲密互动"", ""短语化清洗""]"
718,学习如何尊重地追求别人,学习如何尊重地追求别人,吸引力与自我评价,社交能力,4,1,false,属于“社交能力”语义，与“吸引力与自我评价”主题的关联距离为1级,"[""吸引力与自我评价"", ""社交能力"", ""聊天""]"
719,第一次牵住真正喜欢的人的手,第一次牵住真正喜欢的人的手,亲密行为,肢体接触,5,0,false,经短语化审核保留的复合概念表达；不依赖可替换的时地模板,"[""亲密行为"", ""肢体接触"", ""较长固定表达""]"
720,担心自己的外貌没有任何吸引力,担心自己的外貌没有任何吸引力,吸引力与自我评价,外貌评价,4,1,false,经短语化审核保留的复合概念表达；不依赖可替换的时地模板,"[""吸引力与自我评价"", ""外貌评价"", ""较长固定表达""]"
721,还没有对象就已经被家里人催婚,还没对象就已经被家里人催婚,婚姻,婚姻事件,4,1,false,经短语化审核保留的复合概念表达；不依赖可替换的时地模板,"[""婚姻"", ""婚姻事件"", ""较长固定表达""]"
722,蝉鸣响起时突然想起穿校服的夏天,蝉鸣响起时突然想起穿校服的夏天,季节与感官记忆,声音记忆,2,3,false,经短语化审核保留的复合概念表达；不依赖可替换的时地模板,"[""季节与感官记忆"", ""声音记忆"", ""较长固定表达""]"
723,朋友聚会时终于能带对象参加,朋友聚会时终于能带对象参加,对象与伴侣,伴侣称谓,5,0,false,经短语化审核保留的复合概念表达；不依赖可替换的时地模板,"[""对象与伴侣"", ""伴侣称谓"", ""较长固定表达""]"
724,第一次确认彼此都想认真谈恋爱,第一次确认彼此都想认真谈恋爱,恋爱,恋爱状态,5,0,false,经短语化审核保留的复合概念表达；不依赖可替换的时地模板,"[""恋爱"", ""恋爱状态"", ""较长固定表达""]"
725,第一次喜欢一个人发生在什么时候,第一次喜欢一个人发生在什么时候,恋爱历史,初恋,5,0,false,经短语化审核保留的复合概念表达；不依赖可替换的时地模板,"[""恋爱历史"", ""初恋"", ""较长固定表达""]"
726,为什么这么多年还没有谈过恋爱,为什么这么多年还没有恋爱经历,恋爱统计与提问,经历盘问,5,0,false,经短语化审核保留的复合概念表达；不依赖可替换的时地模板,"[""恋爱统计与提问"", ""经历盘问"", ""较长固定表达""]"
727,二十二岁还从来没有谈过恋爱,二十二岁还从没有恋爱经历,时间与年龄焦虑,年龄节点,5,0,false,经短语化审核保留的复合概念表达；不依赖可替换的时地模板,"[""时间与年龄焦虑"", ""年龄节点"", ""较长固定表达""]"
728,风吹起刘海时露出的躲闪目光,风吹起刘海时露出的躲闪目光,校园外貌与穿搭,头发与神态,3,3,false,经短语化审核保留的复合概念表达；不依赖可替换的时地模板,"[""校园外貌与穿搭"", ""头发与神态"", ""较长固定表达""]"
729,毕业以前想认真谈一次校园恋爱,毕业以前想认真谈一次校园恋爱,校园恋爱,中学恋爱,4,1,false,经短语化审核保留的复合概念表达；不依赖可替换的时地模板,"[""校园恋爱"", ""中学恋爱"", ""较长固定表达""]"
730,把整理好的课堂笔记借给喜欢的人,把整理好的课堂笔记借给喜欢的人,校园日常互动,学习协作,4,2,false,经短语化审核保留的复合概念表达；不依赖可替换的时地模板,"[""校园日常互动"", ""学习协作"", ""较长固定表达""]"
731,夹在课本里一直没送出去的情书,夹在课本里一直没送出去的情书,校园物件与暗号,纸面信息,3,3,false,经短语化审核保留的复合概念表达；不依赖可替换的时地模板,"[""校园物件与暗号"", ""纸面信息"", ""较长固定表达""]"
732,为了偶遇每天绕过隔壁班教室门口,为了偶遇每天绕过隔壁班教室门口,校园空间与路线,教室内部,3,3,false,经短语化审核保留的复合概念表达；不依赖可替换的时地模板,"[""校园空间与路线"", ""教室内部"", ""较长固定表达""]"
733,毕业照里悄悄站在喜欢的人旁边,毕业照里悄悄站在喜欢的人旁边,毕业与离别,毕业仪式,4,2,false,经短语化审核保留的复合概念表达；不依赖可替换的时地模板,"[""毕业与离别"", ""毕业仪式"", ""较长固定表达""]"
734,朋友圈突然全是同学官宣对象,朋友圈突然全是同学官宣对象,社会比较,同龄比较,5,1,false,经短语化审核保留的复合概念表达；不依赖可替换的时地模板,"[""社会比较"", ""同龄比较"", ""较长固定表达""]"
735,第一次单独约喜欢的人看电影,第一次单独约喜欢的人看电影,约会,约会邀请,5,0,false,经短语化审核保留的复合概念表达；不依赖可替换的时地模板,"[""约会"", ""约会邀请"", ""较长固定表达""]"
736,聊天秒回到底算不算喜欢一个人,聊天秒回到底算不算喜欢一个人,网络恋爱语言,关系热词,4,1,false,经短语化审核保留的复合概念表达；不依赖可替换的时地模板,"[""网络恋爱语言"", ""关系热词"", ""较长固定表达""]"
737,情人节街上到处都是成双情侣,情人节街上到处都是成双情侣,节日,恋爱节日,5,1,false,经短语化审核保留的复合概念表达；不依赖可替换的时地模板,"[""节日"", ""恋爱节日"", ""较长固定表达""]"
738,面向对象编程却始终找不到对象,面向对象编程却始终找不到对象,荒诞扩散区,技术对象,1,4,true,经短语化审核保留的复合概念表达；不依赖可替换的时地模板,"[""荒诞扩散区"", ""技术对象"", ""较长固定表达""]"
739,把藏了很久的喜欢认真说出口,把藏了很久的喜欢认真说出口,表白与追求,表达好感,5,0,false,经短语化审核保留的复合概念表达；不依赖可替换的时地模板,"[""表白与追求"", ""表达好感"", ""较长固定表达""]"
740,认真准备告白以后却收到明确拒绝,认真准备告白以后却收到明确拒绝,被拒绝,明确拒绝,5,0,false,经短语化审核保留的复合概念表达；不依赖可替换的时地模板,"[""被拒绝"", ""明确拒绝"", ""较长固定表达""]"
741,电影院最后一排双人座旁边一直空着,电影院最后一排双人座旁边一直空着,间接语义触发词,地点与座位,3,3,false,经短语化审核保留的复合概念表达；不依赖可替换的时地模板,"[""间接语义触发词"", ""地点与座位"", ""较长固定表达""]"
742,觉得没有恋爱让人生体验不完整,觉得没有恋爱让人生体验不完整,高阶语义关联,人生进度,4,2,false,经短语化审核保留的复合概念表达；不依赖可替换的时地模板,"[""高阶语义关联"", ""人生进度"", ""较长固定表达""]"
743,靠近以前先询问对方是否愿意,靠近以前先询问对方是否愿意,亲密行为,肢体接触,5,0,false,经短语化审核保留的复合概念表达；不依赖可替换的时地模板,"[""亲密行为"", ""肢体接触"", ""较长固定表达""]"
744,面对喜欢的人总是不知道聊什么,面对喜欢的人总是不知道聊什么,吸引力与自我评价,外貌评价,4,1,false,经短语化审核保留的复合概念表达；不依赖可替换的时地模板,"[""吸引力与自我评价"", ""外貌评价"", ""较长固定表达""]"
745,收到同龄朋友寄来的婚礼请柬,收到同龄朋友寄来的婚礼请柬,婚姻,婚姻事件,4,1,false,经短语化审核保留的复合概念表达；不依赖可替换的时地模板,"[""婚姻"", ""婚姻事件"", ""较长固定表达""]"
746,下课铃盖过了一句没有说完的话,下课铃盖过了一句没有说完的话,季节与感官记忆,声音记忆,2,3,false,经短语化审核保留的复合概念表达；不依赖可替换的时地模板,"[""季节与感官记忆"", ""声音记忆"", ""较长固定表达""]"
747,从一直单身变成拥有稳定伴侣,从一直单身变成拥有稳定伴侣,对象与伴侣,伴侣称谓,5,0,false,经短语化审核保留的复合概念表达；不依赖可替换的时地模板,"[""对象与伴侣"", ""伴侣称谓"", ""较长固定表达""]"
748,从普通朋友慢慢变成恋爱关系,从普通朋友慢慢变成恋爱关系,恋爱,恋爱状态,5,0,false,经短语化审核保留的复合概念表达；不依赖可替换的时地模板,"[""恋爱"", ""恋爱状态"", ""较长固定表达""]"
749,被问起过去到底谈过几次恋爱,被问起过去到底谈过几次恋爱,恋爱历史,初恋,5,0,false,经短语化审核保留的复合概念表达；不依赖可替换的时地模板,"[""恋爱历史"", ""初恋"", ""较长固定表达""]"
750,第一次真正谈恋爱是在多大年龄,第一次真正谈恋爱是在多大年龄,恋爱统计与提问,经历盘问,5,0,false,经短语化审核保留的复合概念表达；不依赖可替换的时地模板,"[""恋爱统计与提问"", ""经历盘问"", ""较长固定表达""]"
751,大学毕业进入工作以后仍然没有对象,大学毕业进入工作以后仍然没有对象,时间与年龄焦虑,年龄节点,5,0,false,经短语化审核保留的复合概念表达；不依赖可替换的时地模板,"[""时间与年龄焦虑"", ""年龄节点"", ""较长固定表达""]"
752,穿校服的背影在人群里格外熟悉,穿校服的背影在人群里格外熟悉,校园外貌与穿搭,头发与神态,3,3,false,经短语化审核保留的复合概念表达；不依赖可替换的时地模板,"[""校园外貌与穿搭"", ""头发与神态"", ""较长固定表达""]"
753,借着讲题机会坐到喜欢的人旁边,借着讲题机会坐到喜欢的人旁边,校园恋爱,中学恋爱,4,1,false,经短语化审核保留的复合概念表达；不依赖可替换的时地模板,"[""校园恋爱"", ""中学恋爱"", ""较长固定表达""]"
754,讲错题时故意把椅子挪得更近,讲错题时故意把椅子挪得更近,校园日常互动,学习协作,4,2,false,经短语化审核保留的复合概念表达；不依赖可替换的时地模板,"[""校园日常互动"", ""学习协作"", ""较长固定表达""]"
755,从教室最后一排传过来的小纸条,从教室最后一排传过来的小纸条,校园物件与暗号,纸面信息,3,3,false,经短语化审核保留的复合概念表达；不依赖可替换的时地模板,"[""校园物件与暗号"", ""纸面信息"", ""较长固定表达""]"
756,放学以后沿着操场跑道并肩散步,放学以后沿着操场跑道并肩散步,校园空间与路线,教室内部,3,3,false,经短语化审核保留的复合概念表达；不依赖可替换的时地模板,"[""校园空间与路线"", ""教室内部"", ""较长固定表达""]"
757,离校以前最后看一次空荡教室,离校以前最后看一次空荡教室,毕业与离别,毕业仪式,4,2,false,经短语化审核保留的复合概念表达；不依赖可替换的时地模板,"[""毕业与离别"", ""毕业仪式"", ""较长固定表达""]"
758,聚会里只有自己一个人没有对象,聚会里只有自己一个人没有对象,社会比较,同龄比较,5,1,false,经短语化审核保留的复合概念表达；不依赖可替换的时地模板,"[""社会比较"", ""同龄比较"", ""较长固定表达""]"
759,为了第一次约会认真挑选见面穿搭,为了第一次约会认真挑选见面穿搭,约会,约会邀请,5,0,false,经短语化审核保留的复合概念表达；不依赖可替换的时地模板,"[""约会"", ""约会邀请"", ""较长固定表达""]"
760,长期只聊天不见面算什么关系,长期只聊天不见面算什么关系,网络恋爱语言,关系热词,4,1,false,经短语化审核保留的复合概念表达；不依赖可替换的时地模板,"[""网络恋爱语言"", ""关系热词"", ""较长固定表达""]"
761,七夕收到平台推送的情侣套餐,七夕收到平台推送的情侣套餐,节日,恋爱节日,5,1,false,经短语化审核保留的复合概念表达；不依赖可替换的时地模板,"[""节日"", ""恋爱节日"", ""较长固定表达""]"
762,对象引用为空请检查恋爱作用域,对象引用为空请检查恋爱作用域,荒诞扩散区,技术对象,1,4,true,经短语化审核保留的复合概念表达；不依赖可替换的时地模板,"[""荒诞扩散区"", ""技术对象"", ""较长固定表达""]"
763,写完情书以后一直不敢交出去,写完情书以后一直不敢交出去,表白与追求,表达好感,5,0,false,经短语化审核保留的复合概念表达；不依赖可替换的时地模板,"[""表白与追求"", ""表达好感"", ""较长固定表达""]"
764,对方说只愿意把自己当普通朋友,对方说只愿意把自己当普通朋友,被拒绝,明确拒绝,5,0,false,经短语化审核保留的复合概念表达；不依赖可替换的时地模板,"[""被拒绝"", ""明确拒绝"", ""较长固定表达""]"
765,看到两张电影票一直并排放在桌上,看到两张电影票一直并排放在桌上,间接语义触发词,地点与座位,3,3,false,经短语化审核保留的复合概念表达；不依赖可替换的时地模板,"[""间接语义触发词"", ""地点与座位"", ""较长固定表达""]"
766,担心自己的人生进度已经落后同龄人,担心自己的人生进度已经落后同龄人,高阶语义关联,人生进度,4,2,false,经短语化审核保留的复合概念表达；不依赖可替换的时地模板,"[""高阶语义关联"", ""人生进度"", ""较长固定表达""]"
767,不把沉默和没有反抗当成同意,不把沉默和没有反抗当成同意,亲密行为,肢体接触,5,0,false,经短语化审核保留的复合概念表达；不依赖可替换的时地模板,"[""亲密行为"", ""肢体接触"", ""较长固定表达""]"
768,怀疑从来没人表白是因为不够好,怀疑从来没人表白是因为不够好,吸引力与自我评价,外貌评价,4,1,false,经短语化审核保留的复合概念表达；不依赖可替换的时地模板,"[""吸引力与自我评价"", ""外貌评价"", ""较长固定表达""]"
769,恋人开始认真讨论未来共同生活,恋人开始认真讨论未来共同生活,婚姻,婚姻事件,4,1,false,经短语化审核保留的复合概念表达；不依赖可替换的时地模板,"[""婚姻"", ""婚姻事件"", ""较长固定表达""]"
770,雨后塑胶跑道的气味唤起校园回忆,雨后塑胶跑道的气味唤起校园回忆,季节与感官记忆,声音记忆,2,3,false,经短语化审核保留的复合概念表达；不依赖可替换的时地模板,"[""季节与感官记忆"", ""声音记忆"", ""较长固定表达""]"
771,认真思考自己适合什么样的对象,认真思考自己适合什么样的对象,对象与伴侣,伴侣称谓,5,0,false,经短语化审核保留的复合概念表达；不依赖可替换的时地模板,"[""对象与伴侣"", ""伴侣称谓"", ""较长固定表达""]"
772,两个人开始共同经营一段感情,两个人开始共同经营一段感情,恋爱,恋爱状态,5,0,false,经短语化审核保留的复合概念表达；不依赖可替换的时地模板,"[""恋爱"", ""恋爱状态"", ""较长固定表达""]"
773,听现在喜欢的人讲起过去难忘的初恋,听现在喜欢的人讲起过去难忘的初恋,恋爱历史,初恋,5,0,false,经短语化审核保留的复合概念表达；不依赖可替换的时地模板,"[""恋爱历史"", ""初恋"", ""较长固定表达""]"
774,最长的一段恋爱到底谈了多久,最长的一段恋爱到底谈了多久,恋爱统计与提问,经历盘问,5,0,false,经短语化审核保留的复合概念表达；不依赖可替换的时地模板,"[""恋爱统计与提问"", ""经历盘问"", ""较长固定表达""]"
775,年龄增长但是恋爱经历没有增加,年龄增长但是恋爱经历没有增加,时间与年龄焦虑,年龄节点,5,0,false,经短语化审核保留的复合概念表达；不依赖可替换的时地模板,"[""时间与年龄焦虑"", ""年龄节点"", ""较长固定表达""]"
776,手腕上的小皮筋像是关系暗号,手腕上的小皮筋像是关系暗号,校园外貌与穿搭,头发与神态,3,3,false,经短语化审核保留的复合概念表达；不依赖可替换的时地模板,"[""校园外貌与穿搭"", ""头发与神态"", ""较长固定表达""]"
777,放学以后推着自行车并肩回家,放学以后推着自行车并肩回家,校园恋爱,中学恋爱,4,1,false,经短语化审核保留的复合概念表达；不依赖可替换的时地模板,"[""校园恋爱"", ""中学恋爱"", ""较长固定表达""]"
778,值日结束以后一起留下来擦黑板,值日结束以后一起留下来擦黑板,校园日常互动,学习协作,4,2,false,经短语化审核保留的复合概念表达；不依赖可替换的时地模板,"[""校园日常互动"", ""学习协作"", ""较长固定表达""]"
779,写满留言和名字的毕业纪念册,写满留言和名字的毕业纪念册,校园物件与暗号,纸面信息,3,3,false,经短语化审核保留的复合概念表达；不依赖可替换的时地模板,"[""校园物件与暗号"", ""纸面信息"", ""较长固定表达""]"
780,在图书馆同一排书架反复遇见对方,在图书馆同一排书架反复遇见对方,校园空间与路线,教室内部,3,3,false,经短语化审核保留的复合概念表达；不依赖可替换的时地模板,"[""校园空间与路线"", ""教室内部"", ""较长固定表达""]"
781,高考结束以后两个人去了不同城市,高考结束以后两个人去了不同城市,毕业与离别,毕业仪式,4,2,false,经短语化审核保留的复合概念表达；不依赖可替换的时地模板,"[""毕业与离别"", ""毕业仪式"", ""较长固定表达""]"
782,同寝室友周末都出去和对象约会,同寝室友周末都出去和对象约会,社会比较,同龄比较,5,1,false,经短语化审核保留的复合概念表达；不依赖可替换的时地模板,"[""社会比较"", ""同龄比较"", ""较长固定表达""]"
783,约会结束以后期待下一次见面,约会结束以后期待下一次见面,约会,约会邀请,5,0,false,经短语化审核保留的复合概念表达；不依赖可替换的时地模板,"[""约会"", ""约会邀请"", ""较长固定表达""]"
784,网络认识的人终于决定线下见面,网络认识的人终于决定线下见面,网络恋爱语言,关系热词,4,1,false,经短语化审核保留的复合概念表达；不依赖可替换的时地模板,"[""网络恋爱语言"", ""关系热词"", ""较长固定表达""]"
785,为了纪念日提前准备一份礼物,为了纪念日提前准备一份礼物,节日,恋爱节日,5,1,false,经短语化审核保留的复合概念表达；不依赖可替换的时地模板,"[""节日"", ""恋爱节日"", ""较长固定表达""]"
786,单例模式坚持永远不允许脱单,单例模式坚持永远不允许脱单,荒诞扩散区,技术对象,1,4,true,经短语化审核保留的复合概念表达；不依赖可替换的时地模板,"[""荒诞扩散区"", ""技术对象"", ""较长固定表达""]"
787,主动创造和喜欢的人见面机会,主动创造和喜欢的人见面机会,表白与追求,表达好感,5,0,false,经短语化审核保留的复合概念表达；不依赖可替换的时地模板,"[""表白与追求"", ""表达好感"", ""较长固定表达""]"
788,每一次约对方见面都被推到下次,每一次约对方见面都被推到下次,被拒绝,明确拒绝,5,0,false,经短语化审核保留的复合概念表达；不依赖可替换的时地模板,"[""被拒绝"", ""明确拒绝"", ""较长固定表达""]"
789,副驾驶座位上一直放着一束红玫瑰,副驾驶座位上一直放着一束红玫瑰,间接语义触发词,地点与座位,3,3,false,经短语化审核保留的复合概念表达；不依赖可替换的时地模板,"[""间接语义触发词"", ""地点与座位"", ""较长固定表达""]"
790,把成功脱单当作重要人生里程碑,把成功脱单当作重要人生里程碑,高阶语义关联,人生进度,4,2,false,经短语化审核保留的复合概念表达；不依赖可替换的时地模板,"[""高阶语义关联"", ""人生进度"", ""较长固定表达""]"
791,发现对方不舒服以后立即停止,发现对方不舒服以后立即停止,亲密行为,肢体接触,5,0,false,经短语化审核保留的复合概念表达；不依赖可替换的时地模板,"[""亲密行为"", ""肢体接触"", ""较长固定表达""]"
792,读不懂别人是否在释放好感信号,读不懂别人是否在释放好感信号,吸引力与自我评价,外貌评价,4,1,false,经短语化审核保留的复合概念表达；不依赖可替换的时地模板,"[""吸引力与自我评价"", ""外貌评价"", ""较长固定表达""]"
793,第一次带长期交往对象见父母,第一次带长期交往对象见父母,婚姻,婚姻事件,4,1,false,经短语化审核保留的复合概念表达；不依赖可替换的时地模板,"[""婚姻"", ""婚姻事件"", ""较长固定表达""]"
794,晚霞穿过教学楼窗户落在课桌上,晚霞穿过教学楼窗户落在课桌上,季节与感官记忆,声音记忆,2,3,false,经短语化审核保留的复合概念表达；不依赖可替换的时地模板,"[""季节与感官记忆"", ""声音记忆"", ""较长固定表达""]"
795,通过朋友介绍认识合适的恋爱对象,通过朋友介绍认识合适的恋爱对象,对象与伴侣,伴侣称谓,5,0,false,经短语化审核保留的复合概念表达；不依赖可替换的时地模板,"[""对象与伴侣"", ""伴侣称谓"", ""较长固定表达""]"
796,第一次真正体会到喜欢能够得到回应,第一次真正体会到喜欢能够得到回应,恋爱,恋爱状态,5,0,false,经短语化审核保留的复合概念表达；不依赖可替换的时地模板,"[""恋爱"", ""恋爱状态"", ""较长固定表达""]"
797,整理上一段关系留下来的旧物,整理上一段关系留下来的旧物,恋爱历史,初恋,5,0,false,经短语化审核保留的复合概念表达；不依赖可替换的时地模板,"[""恋爱历史"", ""初恋"", ""较长固定表达""]"
798,被追问什么时候才能成功脱单,被追问什么时候才能成功脱单,恋爱统计与提问,经历盘问,5,0,false,经短语化审核保留的复合概念表达；不依赖可替换的时地模板,"[""恋爱统计与提问"", ""经历盘问"", ""较长固定表达""]"
799,担心错过最适合体验恋爱的年纪,担心错过最适合体验恋爱的年纪,时间与年龄焦虑,年龄节点,5,0,false,经短语化审核保留的复合概念表达；不依赖可替换的时地模板,"[""时间与年龄焦虑"", ""年龄节点"", ""较长固定表达""]"
800,白衬衫衣角被操场晚风轻轻吹起,白衬衫衣角被操场晚风轻轻吹起,校园外貌与穿搭,头发与神态,3,3,false,经短语化审核保留的复合概念表达；不依赖可替换的时地模板,"[""校园外貌与穿搭"", ""头发与神态"", ""较长固定表达""]"
801,运动会偷偷给喜欢的人递一瓶水,运动会偷偷给喜欢的人递一瓶水,校园恋爱,中学恋爱,4,1,false,经短语化审核保留的复合概念表达；不依赖可替换的时地模板,"[""校园恋爱"", ""中学恋爱"", ""较长固定表达""]"
802,记住对方在食堂从来不吃哪道菜,记住对方在食堂从来不吃哪道菜,校园日常互动,学习协作,4,2,false,经短语化审核保留的复合概念表达；不依赖可替换的时地模板,"[""校园日常互动"", ""学习协作"", ""较长固定表达""]"
803,校服第二颗纽扣被当成青春信物,校服第二颗纽扣被当成青春信物,校园物件与暗号,纸面信息,3,3,false,经短语化审核保留的复合概念表达；不依赖可替换的时地模板,"[""校园物件与暗号"", ""纸面信息"", ""较长固定表达""]"
804,晚自习结束后在校门口等喜欢的人,晚自习结束后在校门口等喜欢的人,校园空间与路线,教室内部,3,3,false,经短语化审核保留的复合概念表达；不依赖可替换的时地模板,"[""校园空间与路线"", ""教室内部"", ""较长固定表达""]"
805,最后一句聊天一直停在毕业快乐,最后一句聊天一直停在毕业快乐,毕业与离别,毕业仪式,4,2,false,经短语化审核保留的复合概念表达；不依赖可替换的时地模板,"[""毕业与离别"", ""毕业仪式"", ""较长固定表达""]"
806,参加同学婚礼时被问有没有对象,参加同学婚礼时被问有没有对象,社会比较,同龄比较,5,1,false,经短语化审核保留的复合概念表达；不依赖可替换的时地模板,"[""社会比较"", ""同龄比较"", ""较长固定表达""]"
807,两个人沿着安静的江边慢慢散步,两个人沿着安静的江边慢慢散步,约会,约会邀请,5,0,false,经短语化审核保留的复合概念表达；不依赖可替换的时地模板,"[""约会"", ""约会邀请"", ""较长固定表达""]"
808,暧昧期突然断联代表关系结束吗,暧昧期突然断联代表关系结束吗,网络恋爱语言,关系热词,4,1,false,经短语化审核保留的复合概念表达；不依赖可替换的时地模板,"[""网络恋爱语言"", ""关系热词"", ""较长固定表达""]"
809,跨年倒数时身边没有喜欢的人,跨年倒数时身边没有喜欢的人,节日,恋爱节日,5,1,false,经短语化审核保留的复合概念表达；不依赖可替换的时地模板,"[""节日"", ""恋爱节日"", ""较长固定表达""]"
810,关系数据库正在认真维护恋爱关系,关系数据库正在认真维护恋爱关系,荒诞扩散区,技术对象,1,4,true,经短语化审核保留的复合概念表达；不依赖可替换的时地模板,"[""荒诞扩散区"", ""技术对象"", ""较长固定表达""]"
811,收到别人认真准备很久的告白,收到别人认真准备很久的告白,表白与追求,表达好感,5,0,false,经短语化审核保留的复合概念表达；不依赖可替换的时地模板,"[""表白与追求"", ""表达好感"", ""较长固定表达""]"
812,接受没有回复本身就是一种回答,接受没有回复本身就是一种回答,被拒绝,明确拒绝,5,0,false,经短语化审核保留的复合概念表达；不依赖可替换的时地模板,"[""被拒绝"", ""明确拒绝"", ""较长固定表达""]"
813,手机相册里面从来没有情侣合照,手机相册里面从没情侣合照,间接语义触发词,地点与座位,3,3,false,经短语化审核保留的复合概念表达；不依赖可替换的时地模板,"[""间接语义触发词"", ""地点与座位"", ""较长固定表达""]"
814,青春回忆里面缺少一段感情故事,青春回忆里面缺少一段感情故事,高阶语义关联,人生进度,4,2,false,经短语化审核保留的复合概念表达；不依赖可替换的时地模板,"[""高阶语义关联"", ""人生进度"", ""较长固定表达""]"
815,为没有尊重亲密边界认真道歉,为没有尊重亲密边界认真道歉,亲密行为,肢体接触,5,0,false,经短语化审核保留的复合概念表达；不依赖可替换的时地模板,"[""亲密行为"", ""肢体接触"", ""较长固定表达""]"
816,不再用有没有对象证明个人价值,不再用有没有对象证明个人价值,吸引力与自我评价,外貌评价,4,1,false,经短语化审核保留的复合概念表达；不依赖可替换的时地模板,"[""吸引力与自我评价"", ""外貌评价"", ""较长固定表达""]"
817,从恋爱关系逐渐走向组建家庭,从恋爱关系逐渐走向组建家庭,婚姻,婚姻事件,4,1,false,经短语化审核保留的复合概念表达；不依赖可替换的时地模板,"[""婚姻"", ""婚姻事件"", ""较长固定表达""]"
818,多年后仍记得新课本的油墨气味,多年后仍记得新课本的油墨气味,季节与感官记忆,声音记忆,2,3,false,经短语化审核保留的复合概念表达；不依赖可替换的时地模板,"[""季节与感官记忆"", ""声音记忆"", ""较长固定表达""]"
819,期待遇见愿意长期陪伴自己的人,期待遇见愿意长期陪伴自己的人,对象与伴侣,伴侣称谓,5,0,false,经短语化审核保留的复合概念表达；不依赖可替换的时地模板,"[""对象与伴侣"", ""伴侣称谓"", ""较长固定表达""]"
820,拥有一个可以分享日常的恋人,拥有一个可以分享日常的恋人,恋爱,恋爱状态,5,0,false,经短语化审核保留的复合概念表达；不依赖可替换的时地模板,"[""恋爱"", ""恋爱状态"", ""较长固定表达""]"
821,自己的恋爱经历至今仍然完全空白,自己的恋爱经历至今仍然完全空白,恋爱历史,初恋,5,0,false,经短语化审核保留的复合概念表达；不依赖可替换的时地模板,"[""恋爱历史"", ""初恋"", ""较长固定表达""]"
822,有没有真正认真喜欢过某一个人,有没有真正认真喜欢过某一个人,恋爱统计与提问,经历盘问,5,0,false,经短语化审核保留的复合概念表达；不依赖可替换的时地模板,"[""恋爱统计与提问"", ""经历盘问"", ""较长固定表达""]"
823,发现同龄人已经进入稳定关系,发现同龄人已经进入稳定关系,时间与年龄焦虑,年龄节点,5,0,false,经短语化审核保留的复合概念表达；不依赖可替换的时地模板,"[""时间与年龄焦虑"", ""年龄节点"", ""较长固定表达""]"
824,多年后仍记得校服领口的洗衣粉香,多年后仍记得校服领口的洗衣粉香,校园外貌与穿搭,头发与神态,3,3,false,经短语化审核保留的复合概念表达；不依赖可替换的时地模板,"[""校园外貌与穿搭"", ""头发与神态"", ""较长固定表达""]"
825,从同桌慢慢变成互相喜欢的人,从同桌慢慢变成互相喜欢的人,校园恋爱,中学恋爱,4,1,false,经短语化审核保留的复合概念表达；不依赖可替换的时地模板,"[""校园恋爱"", ""中学恋爱"", ""较长固定表达""]"
826,把最后一颗糖悄悄留给喜欢的人,把最后一颗糖悄悄留给喜欢的人,校园日常互动,学习协作,4,2,false,经短语化审核保留的复合概念表达；不依赖可替换的时地模板,"[""校园日常互动"", ""学习协作"", ""较长固定表达""]"
827,两个人约定用水杯位置传递暗号,两个人约定用水杯位置传递暗号,校园物件与暗号,纸面信息,3,3,false,经短语化审核保留的复合概念表达；不依赖可替换的时地模板,"[""校园物件与暗号"", ""纸面信息"", ""较长固定表达""]"
828,毕业以后重走两个人走过的放学路,毕业以后重走两个人走过的放学路,校园空间与路线,教室内部,3,3,false,经短语化审核保留的复合概念表达；不依赖可替换的时地模板,"[""校园空间与路线"", ""教室内部"", ""较长固定表达""]"
829,多年后翻到写满名字的旧同学录,多年后翻到写满名字的旧同学录,毕业与离别,毕业仪式,4,2,false,经短语化审核保留的复合概念表达；不依赖可替换的时地模板,"[""毕业与离别"", ""毕业仪式"", ""较长固定表达""]"
830,看见朋友收到恋爱纪念日礼物,看见朋友收到恋爱纪念日礼物,社会比较,同龄比较,5,1,false,经短语化审核保留的复合概念表达；不依赖可替换的时地模板,"[""社会比较"", ""同龄比较"", ""较长固定表达""]"
831,收到对方发来的安全到家消息,收到对方发来的安全到家消息,约会,约会邀请,5,0,false,经短语化审核保留的复合概念表达；不依赖可替换的时地模板,"[""约会"", ""约会邀请"", ""较长固定表达""]"
832,把重要聊天和心动对象设置置顶,把重要聊天和心动对象设置置顶,网络恋爱语言,关系热词,4,1,false,经短语化审核保留的复合概念表达；不依赖可替换的时地模板,"[""网络恋爱语言"", ""关系热词"", ""较长固定表达""]"
833,看到别人在520公开恋爱关系,看到别人在520公开恋爱关系,节日,恋爱节日,5,1,false,经短语化审核保留的复合概念表达；不依赖可替换的时地模板,"[""节日"", ""恋爱节日"", ""较长固定表达""]"
834,配对算法决定给所有线程安排相亲,配对算法决定给所有线程安排相亲,荒诞扩散区,技术对象,1,4,true,经短语化审核保留的复合概念表达；不依赖可替换的时地模板,"[""荒诞扩散区"", ""技术对象"", ""较长固定表达""]"
835,尊重对方没有接受追求的决定,尊重对方没有接受追求的决定,表白与追求,表达好感,5,0,false,经短语化审核保留的复合概念表达；不依赖可替换的时地模板,"[""表白与追求"", ""表达好感"", ""较长固定表达""]"
836,被拒绝以后不再继续联系对方,被拒绝以后不再继续联系对方,被拒绝,明确拒绝,5,0,false,经短语化审核保留的复合概念表达；不依赖可替换的时地模板,"[""被拒绝"", ""明确拒绝"", ""较长固定表达""]"
