sample_center,term,bge_score,bge_rank,tencent_rank,bge_best_seed,bge_best_category,keep,comment
1,恋情,0.96379173,1,24,恋情,恋爱核心,keep,与目标语义直接或稳定相关
1,恋爱,0.96197116,2,15,恋爱,恋爱核心,keep,与目标语义直接或稳定相关
1,约会,0.95536816,3,16,约会,约会,keep,与目标语义直接或稳定相关
1,前男友,0.95487571,4,6,前男友,恋爱历史,keep,与目标语义直接或稳定相关
1,前女友,0.9500457,5,4,前女友,恋爱历史,keep,与目标语义直接或稳定相关
1,情侣,0.94966012,6,22,情侣,对象关系,keep,与目标语义直接或稳定相关
1,亲密关系,0.94851494,7,26,亲密关系,亲密行为,keep,与目标语义直接或稳定相关
1,爱情,0.94683266,8,14,爱情,恋爱核心,keep,与目标语义直接或稳定相关
1,恋人,0.94449329,9,10,恋人,恋爱核心,keep,与目标语义直接或稳定相关
1,对象,0.94300234,10,35,对象,对象关系,keep,与目标语义直接或稳定相关
1,结婚,0.94117951,11,11,结婚,婚恋,keep,与目标语义直接或稳定相关
1,前任,0.94105172,12,27,前任,恋爱历史,keep,与目标语义直接或稳定相关
1,老婆,0.94074512,13,2,老婆,婚恋,keep,与目标语义直接或稳定相关
1,青春,0.93957388,14,34,青春,社会比较与人生进度,keep,与目标语义直接或稳定相关
1,亲密,0.93786275,15,30,亲密,亲密行为,keep,与目标语义直接或稳定相关
1,第一次约会,0.93574822,16,23,第一次约会,约会,keep,与目标语义直接或稳定相关
1,伴侣,0.93552703,17,20,伴侣,对象关系,keep,与目标语义直接或稳定相关
1,丈夫,0.9348222,18,3,丈夫,婚恋,keep,与目标语义直接或稳定相关
1,妻子,0.93477702,19,1,妻子,婚恋,keep,与目标语义直接或稳定相关
1,男朋友,0.93382657,20,7,男朋友,对象关系,keep,与目标语义直接或稳定相关
1,早恋,0.93358994,21,28,早恋,校园恋爱,keep,与目标语义直接或稳定相关
1,婚礼,0.9317534,22,21,婚礼,婚恋,keep,与目标语义直接或稳定相关
1,单身,0.93157816,23,17,单身,单身与脱单,keep,与目标语义直接或稳定相关
1,初恋,0.93097651,24,19,初恋,恋爱核心,keep,与目标语义直接或稳定相关
1,订婚,0.93058562,25,9,订婚,婚恋,keep,与目标语义直接或稳定相关
1,女朋友,0.92869103,26,5,女朋友,对象关系,keep,与目标语义直接或稳定相关
1,接吻,0.92672825,27,31,接吻,亲密行为,keep,与目标语义直接或稳定相关
1,表白,0.92239261,28,12,表白,表白与追求,keep,与目标语义直接或稳定相关
1,暗恋,0.91963577,29,13,暗恋,表白与追求,keep,与目标语义直接或稳定相关
1,求婚,0.91898113,30,18,求婚,婚恋,keep,与目标语义直接或稳定相关
1,告白,0.91701639,31,8,告白,表白与追求,keep,与目标语义直接或稳定相关
1,男友,0.90967381,32,41,男朋友,对象关系,keep,与目标语义直接或稳定相关
1,追求,0.90822423,33,37,追求,表白与追求,keep,与目标语义直接或稳定相关
1,前任女友,0.90287542,34,36,前女友,恋爱历史,keep,与目标语义直接或稳定相关
1,脱单,0.90238994,35,25,脱单,单身与脱单,keep,与目标语义直接或稳定相关
1,男女朋友,0.89470971,36,101,男朋友,对象关系,keep,与目标语义直接或稳定相关
1,拥抱,0.89455402,37,32,拥抱,亲密行为,keep,与目标语义直接或稳定相关
1,同龄人,0.89424312,38,39,同龄人,社会比较与人生进度,keep,与目标语义直接或稳定相关
1,牵手,0.89173889,39,29,牵手,亲密行为,keep,与目标语义直接或稳定相关
1,女友,0.88964283,40,44,女朋友,对象关系,keep,与目标语义直接或稳定相关
1,谈恋爱,0.8870579,41,43,恋爱,恋爱核心,keep,与目标语义直接或稳定相关
1,同桌,0.88058263,42,33,同桌,校园恋爱,keep,与目标语义直接或稳定相关
1,结了婚,0.87585682,43,67,结婚,婚恋,keep,与目标语义直接或稳定相关
1,校服,0.86965871,44,40,校服,校园恋爱,keep,与目标语义直接或稳定相关
1,情爱,0.86633849,45,100,爱情,恋爱核心,keep,与目标语义直接或稳定相关
1,散步,0.86544704,46,38,散步,约会,keep,与目标语义直接或稳定相关
1,亲吻,0.86344588,47,133,接吻,亲密行为,keep,与目标语义直接或稳定相关
1,手牵手,0.85944879,48,153,牵手,亲密行为,keep,与目标语义直接或稳定相关
1,校园爱情,0.85517216,49,333,校园恋爱,校园恋爱,keep,与目标语义直接或稳定相关
1,落后,0.85277951,50,47,落后,社会比较与人生进度,keep,与目标语义直接或稳定相关
1,单身男女,0.84977049,51,246,单身,单身与脱单,keep,与目标语义直接或稳定相关
1,结婚典礼,0.84749925,52,46,婚礼,婚恋,keep,与目标语义直接或稳定相关
1,同龄,0.84038818,53,82,同龄人,社会比较与人生进度,keep,与目标语义直接或稳定相关
1,结过婚,0.83679855,54,116,结婚,婚恋,keep,与目标语义直接或稳定相关
1,散散步,0.83586854,55,112,散步,约会,borderline,存在主题联想但依赖上下文，保留人工复核
1,性伴侣,0.83104277,56,311,伴侣,对象关系,keep,与目标语义直接或稳定相关
1,爱侣,0.82730591,57,95,情侣,对象关系,keep,与目标语义直接或稳定相关
1,接吻时,0.82613575,58,91,接吻,亲密行为,keep,与目标语义直接或稳定相关
1,找对象,0.82563579,59,235,对象,单身与脱单,keep,与目标语义直接或稳定相关
1,婚姻恋爱,0.82429421,60,517,恋爱,恋爱核心,keep,与目标语义直接或稳定相关
1,夫妻,0.82081413,61,123,妻子,婚恋,keep,与目标语义直接或稳定相关
1,青春期,0.81992215,62,369,青春,社会比较与人生进度,keep,与目标语义直接或稳定相关
1,青春岁月,0.81976426,63,122,青春,社会比较与人生进度,keep,与目标语义直接或稳定相关
1,初恋女友,0.81856954,64,45,初恋,恋爱历史,keep,与目标语义直接或稳定相关
1,妻儿,0.8134467,65,224,妻子,婚恋,reject,泛词、碎片、专名或语义漂移
1,爱妻子,0.81036019,66,356,妻子,婚恋,borderline,存在主题联想但依赖上下文，保留人工复核
1,恋爱中,0.80927145,67,86,恋爱,恋爱核心,keep,与目标语义直接或稳定相关
1,好伴侣,0.80630744,68,824,伴侣,对象关系,borderline,存在主题联想但依赖上下文，保留人工复核
1,女性朋友,0.80470395,69,509,女朋友,对象关系,borderline,存在主题联想但依赖上下文，保留人工复核
1,前女,0.80431646,70,131,前女友,恋爱历史,reject,泛词、碎片、专名或语义漂移
1,婚庆,0.8019253,71,407,婚礼,婚恋,keep,与目标语义直接或稳定相关
1,婚宴,0.79931056,72,71,婚礼,婚恋,keep,与目标语义直接或稳定相关
1,热吻,0.79850602,73,200,接吻,亲密行为,keep,与目标语义直接或稳定相关
1,同年龄,0.79841024,74,1304,同龄人,社会比较与人生进度,borderline,存在主题联想但依赖上下文，保留人工复核
1,妻子儿女,0.79634064,75,397,妻子,婚恋,reject,泛词、碎片、专名或语义漂移
1,结婚登记,0.7956742,76,640,结婚,婚恋,keep,与目标语义直接或稳定相关
1,成婚,0.79530555,77,52,结婚,婚恋,keep,与目标语义直接或稳定相关
1,怀抱,0.7939173,78,777,拥抱,亲密行为,borderline,存在主题联想但依赖上下文，保留人工复核
1,男盆友,0.79317617,79,108,男朋友,对象关系,keep,与目标语义直接或稳定相关
1,新婚,0.79316562,80,167,结婚,婚恋,keep,与目标语义直接或稳定相关
1,青春片,0.79235637,81,2144,青春,社会比较与人生进度,borderline,存在主题联想但依赖上下文，保留人工复核
1,结婚证,0.79232943,82,312,结婚,婚恋,keep,与目标语义直接或稳定相关
1,好丈夫,0.79152751,83,384,丈夫,婚恋,keep,与目标语义直接或稳定相关
1,亲密无间,0.79138809,84,84,亲密,亲密行为,keep,与目标语义直接或稳定相关
1,青春年华,0.79073632,85,160,青春,社会比较与人生进度,keep,与目标语义直接或稳定相关
1,相恋,0.79015517,86,88,恋爱,恋爱核心,keep,与目标语义直接或稳定相关
1,爱情片,0.78775668,87,2562,爱情,恋爱核心,borderline,存在主题联想但依赖上下文，保留人工复核
1,情史,0.78728402,88,189,感情史,恋爱历史,keep,与目标语义直接或稳定相关
1,感情,0.78579795,89,50,感情史,恋爱核心,keep,与目标语义直接或稳定相关
1,婚姻,0.78520679,90,66,结婚,婚恋,keep,与目标语义直接或稳定相关
1,追逐,0.78463638,91,531,追求,表白与追求,reject,泛词、碎片、专名或语义漂移
1,比较落后,0.78379101,92,3638,落后,社会比较与人生进度,reject,泛词、碎片、专名或语义漂移
1,婚恋,0.78142214,93,408,恋爱,恋爱核心,keep,与目标语义直接或稳定相关
1,完婚,0.77953935,94,57,结婚,婚恋,keep,与目标语义直接或稳定相关
1,婚事,0.77860069,95,96,结婚,婚恋,keep,与目标语义直接或稳定相关
1,重点对象,0.77760112,96,1872,对象,对象关系,reject,泛词、碎片、专名或语义漂移
1,婚房,0.77712733,97,415,结婚,婚恋,keep,与目标语义直接或稳定相关
1,亲昵,0.7759726,98,140,亲密,亲密行为,keep,与目标语义直接或稳定相关
1,亲近,0.77584136,99,165,亲密,亲密行为,borderline,存在主题联想但依赖上下文，保留人工复核
1,寻求,0.77513617,100,1462,追求,表白与追求,reject,泛词、碎片、专名或语义漂移
1000,晚会,0.60128593,951,1937,约会,约会,reject,泛词、碎片、专名或语义漂移
1000,想着,0.60095513,952,1785,追求,表白与追求,reject,泛词、碎片、专名或语义漂移
1000,阅历,0.60084802,953,1207,恋爱经历,社会比较与人生进度,borderline,存在主题联想但依赖上下文，保留人工复核
1000,情窦初开,0.60080481,954,146,初恋,恋爱历史,keep,与目标语义直接或稳定相关
1000,跑跑步,0.60073477,955,1607,散步,约会,reject,泛词、碎片、专名或语义漂移
1000,表达出来,0.60071671,956,4285,表白,表白与追求,borderline,存在主题联想但依赖上下文，保留人工复核
1000,基情,0.60071373,957,1604,感情史,恋爱核心,keep,与目标语义直接或稳定相关
1000,互相照顾,0.60053563,958,983,伴侣,亲密行为,keep,与目标语义直接或稳定相关
1000,小盆友,0.6004796,959,3258,女朋友,对象关系,reject,泛词、碎片、专名或语义漂移
1000,搭伙,0.60039735,960,3751,伴侣,对象关系,keep,与目标语义直接或稳定相关
1000,浓情,0.6003722,961,1790,爱情,亲密行为,keep,与目标语义直接或稳定相关
1000,爱要,0.6003257,962,1807,爱情,表白与追求,reject,泛词、碎片、专名或语义漂移
1000,白头偕老,0.60020828,963,219,告白,婚恋,keep,与目标语义直接或稳定相关
1000,没分,0.60017061,964,2672,没有对象,单身与脱单,reject,泛词、碎片、专名或语义漂移
1000,带着,0.60009551,965,4878,拥抱,亲密行为,reject,泛词、碎片、专名或语义漂移
1000,同屋,0.60005867,966,2553,同桌,婚恋,reject,泛词、碎片、专名或语义漂移
1000,老是,0.60003984,967,3651,老婆,社会比较与人生进度,reject,泛词、碎片、专名或语义漂移
1000,礼貌,0.5999431,968,3030,婚礼,表白与追求,reject,泛词、碎片、专名或语义漂移
1000,事后,0.59986556,969,3427,落后,社会比较与人生进度,reject,泛词、碎片、专名或语义漂移
1000,另一方,0.59986305,970,3315,对象,婚恋,borderline,存在主题联想但依赖上下文，保留人工复核
1000,人与人之间,0.59972072,971,1299,人生阶段,社会比较与人生进度,reject,泛词、碎片、专名或语义漂移
1000,让爱,0.59961903,972,2153,爱情,恋爱核心,borderline,存在主题联想但依赖上下文，保留人工复核
1000,彼此之间,0.59953576,973,605,伴侣,对象关系,borderline,存在主题联想但依赖上下文，保留人工复核
1000,室友,0.5993365,974,156,同桌,对象关系,borderline,存在主题联想但依赖上下文，保留人工复核
1000,圈内人,0.59908044,975,1129,同龄人,社会比较与人生进度,reject,泛词、碎片、专名或语义漂移
1000,只会,0.59878772,976,3791,约会,约会,reject,泛词、碎片、专名或语义漂移
1000,法定年龄,0.59843099,977,1325,同龄人,社会比较与人生进度,borderline,存在主题联想但依赖上下文，保留人工复核
1000,没面子,0.59829038,978,3425,没有对象,单身与脱单,reject,泛词、碎片、专名或语义漂移
1000,提亲,0.59824854,979,272,亲密关系,亲密行为,keep,与目标语义直接或稳定相关
1000,校霸,0.5982393,980,1843,校服,校园恋爱,reject,泛词、碎片、专名或语义漂移
1000,陪她,0.59817785,981,879,伴侣,约会,borderline,存在主题联想但依赖上下文，保留人工复核
1000,他对,0.59807336,982,2190,对象,表白与追求,reject,泛词、碎片、专名或语义漂移
1000,演唱会,0.5979827,983,1802,约会,约会,borderline,存在主题联想但依赖上下文，保留人工复核
1000,只爱,0.59768796,984,2298,爱情,单身与脱单,borderline,存在主题联想但依赖上下文，保留人工复核
1000,年轻漂亮,0.59763706,985,894,青春,社会比较与人生进度,borderline,存在主题联想但依赖上下文，保留人工复核
1000,毕业典礼,0.59758663,986,573,婚礼,校园恋爱,reject,泛词、碎片、专名或语义漂移
1000,信任,0.59754902,987,1277,前任,表白与追求,borderline,存在主题联想但依赖上下文，保留人工复核
1000,没本事,0.5974707,988,1810,没有对象,单身与脱单,reject,泛词、碎片、专名或语义漂移
1000,性感,0.59701937,989,4242,感情史,对象关系,borderline,存在主题联想但依赖上下文，保留人工复核
1000,老爷子,0.59700263,990,4703,老婆,婚恋,reject,泛词、碎片、专名或语义漂移
1000,颁奖礼,0.59680271,991,3573,婚礼,表白与追求,reject,泛词、碎片、专名或语义漂移
1000,当初,0.59671873,992,1160,初恋,社会比较与人生进度,borderline,存在主题联想但依赖上下文，保留人工复核
1000,警服,0.59666735,993,2502,校服,表白与追求,reject,泛词、碎片、专名或语义漂移
1000,亲爹,0.59664154,994,481,亲密,亲密行为,reject,泛词、碎片、专名或语义漂移
1000,小朋友,0.59634107,995,3022,男朋友,对象关系,reject,泛词、碎片、专名或语义漂移
1000,好友,0.59632927,996,827,前女友,对象关系,reject,泛词、碎片、专名或语义漂移
1000,感动不已,0.5962376,997,4573,感情史,表白与追求,reject,泛词、碎片、专名或语义漂移
1000,相识,0.59618437,998,504,对象,对象关系,keep,与目标语义直接或稳定相关
1000,奔跑,0.59617984,999,1250,散步,约会,reject,泛词、碎片、专名或语义漂移
1000,茶会,0.59605378,1000,4384,约会,约会,reject,泛词、碎片、专名或语义漂移
1000,怀念,0.59601575,1001,1235,拥抱,表白与追求,borderline,存在主题联想但依赖上下文，保留人工复核
1000,感受性,0.59574604,1002,4415,感情史,社会比较与人生进度,reject,泛词、碎片、专名或语义漂移
1000,遇到,0.59568918,1003,4829,别人都有对象,社会比较与人生进度,reject,泛词、碎片、专名或语义漂移
1000,甜蜜,0.59566402,1004,260,亲密,亲密行为,keep,与目标语义直接或稳定相关
1000,奢望,0.59564853,1005,3244,追求,表白与追求,borderline,存在主题联想但依赖上下文，保留人工复核
1000,梦寐以求,0.59557891,1006,4541,追求,表白与追求,reject,泛词、碎片、专名或语义漂移
1000,有次,0.59557265,1007,837,第一次约会,社会比较与人生进度,reject,泛词、碎片、专名或语义漂移
1000,好朋友,0.59553391,1008,293,女朋友,对象关系,borderline,存在主题联想但依赖上下文，保留人工复核
1000,走进,0.59550494,1009,4876,散步,社会比较与人生进度,reject,泛词、碎片、专名或语义漂移
1000,四五十岁,0.59548408,1010,3971,同龄人,社会比较与人生进度,borderline,存在主题联想但依赖上下文，保留人工复核
1000,共感,0.59544802,1011,2932,感情史,亲密行为,reject,泛词、碎片、专名或语义漂移
1000,谈起,0.59542543,1012,4519,对象,社会比较与人生进度,reject,泛词、碎片、专名或语义漂移
1000,二十四五岁,0.59539241,1013,4742,同龄人,社会比较与人生进度,borderline,存在主题联想但依赖上下文，保留人工复核
1000,看上,0.59525633,1014,4467,看电影,表白与追求,keep,与目标语义直接或稳定相关
1000,赴宴,0.59503567,1015,2944,约饭,约会,reject,泛词、碎片、专名或语义漂移
1000,一生中,0.59503353,1016,2567,人生阶段,社会比较与人生进度,reject,泛词、碎片、专名或语义漂移
1000,走到,0.59501535,1017,2467,散步,社会比较与人生进度,reject,泛词、碎片、专名或语义漂移
1000,人缘,0.59494716,1018,1999,同龄人,社会比较与人生进度,borderline,存在主题联想但依赖上下文，保留人工复核
1000,重点高中,0.59493577,1019,2123,高中恋爱,校园恋爱,reject,泛词、碎片、专名或语义漂移
1000,住校生,0.59490496,1020,4693,校服,校园恋爱,reject,泛词、碎片、专名或语义漂移
1000,不欢而散,0.59486949,1021,3100,散步,约会,borderline,存在主题联想但依赖上下文，保留人工复核
1000,将爱,0.59482479,1022,2747,恋爱,恋爱核心,borderline,存在主题联想但依赖上下文，保留人工复核
1000,从前,0.59469193,1023,4388,前男友,恋爱历史,reject,泛词、碎片、专名或语义漂移
1000,前几天,0.59464717,1024,3242,前任,恋爱历史,reject,泛词、碎片、专名或语义漂移
1000,音乐会,0.59452641,1025,4998,约会,约会,borderline,存在主题联想但依赖上下文，保留人工复核
1000,无欲无求,0.5944891,1026,3060,追求,表白与追求,reject,泛词、碎片、专名或语义漂移
1000,不求上进,0.59443372,1027,4175,追求,社会比较与人生进度,reject,泛词、碎片、专名或语义漂移
1000,岁数,0.59437048,1028,1154,同龄人,社会比较与人生进度,borderline,存在主题联想但依赖上下文，保留人工复核
1000,午宴,0.59436518,1029,1306,约饭,约会,reject,泛词、碎片、专名或语义漂移
1000,和他,0.59429586,1030,864,前男友,表白与追求,reject,泛词、碎片、专名或语义漂移
1000,互相,0.5942235,1031,1090,对象,亲密行为,borderline,存在主题联想但依赖上下文，保留人工复核
1000,相互了解,0.59418714,1032,1853,对象,社会比较与人生进度,keep,与目标语义直接或稳定相关
1000,老板娘,0.59404767,1033,725,老婆,婚恋,reject,泛词、碎片、专名或语义漂移
1000,难过,0.59376335,1034,2355,错过青春,社会比较与人生进度,reject,泛词、碎片、专名或语义漂移
1000,爱笑,0.59375,1035,4872,爱情,恋爱核心,reject,泛词、碎片、专名或语义漂移
1000,母女,0.59359753,1036,549,母胎单身,婚恋,reject,泛词、碎片、专名或语义漂移
1000,没说,0.59352475,1037,4281,没有对象,单身与脱单,reject,泛词、碎片、专名或语义漂移
1000,老了,0.59348893,1038,2174,老婆,社会比较与人生进度,reject,泛词、碎片、专名或语义漂移
1000,挥手告别,0.59343284,1039,1590,告白,表白与追求,borderline,存在主题联想但依赖上下文，保留人工复核
1000,不如意,0.59330583,1040,4166,落后,社会比较与人生进度,reject,泛词、碎片、专名或语义漂移
1000,落伍,0.59329963,1041,3618,落后,社会比较与人生进度,borderline,存在主题联想但依赖上下文，保留人工复核
1000,妹子,0.59329009,1042,236,女朋友,社会比较与人生进度,borderline,存在主题联想但依赖上下文，保留人工复核
1000,勇敢的人,0.59324968,1043,2117,喜欢的人,表白与追求,reject,泛词、碎片、专名或语义漂移
1000,失误,0.59317279,1044,4007,落后,社会比较与人生进度,reject,泛词、碎片、专名或语义漂移
1000,见见面,0.59313416,1045,2534,约会对象,约会,borderline,存在主题联想但依赖上下文，保留人工复核
1000,老实,0.59305793,1046,3057,老婆,社会比较与人生进度,reject,泛词、碎片、专名或语义漂移
1000,面对现实,0.59300411,1047,2207,对象,社会比较与人生进度,reject,泛词、碎片、专名或语义漂移
1000,暧昧,0.59297287,1048,229,暗恋,亲密行为,keep,与目标语义直接或稳定相关
1000,痴情女,0.59296709,1049,1869,爱情,恋爱核心,keep,与目标语义直接或稳定相关
1000,相谈,0.59291857,1050,4095,对象,约会,borderline,存在主题联想但依赖上下文，保留人工复核
5000,美眉,0.40010613,4901,4999,老婆,社会比较与人生进度,borderline,存在主题联想但依赖上下文，保留人工复核
5000,尸骨未寒,0.40004438,4902,4883,没有对象,单身与脱单,reject,泛词、碎片、专名或语义漂移
5000,课堂纪律,0.39997271,4903,2130,校园恋爱,校园恋爱,reject,泛词、碎片、专名或语义漂移
5000,朝九晚五,0.39996943,4904,4603,约饭,社会比较与人生进度,reject,泛词、碎片、专名或语义漂移
5000,牛仔裤,0.39983699,4905,1197,男朋友,亲密行为,reject,泛词、碎片、专名或语义漂移
5000,怄气,0.39978957,4906,3358,拥抱,社会比较与人生进度,borderline,存在主题联想但依赖上下文，保留人工复核
5000,牙医,0.39973772,4907,4331,接吻,婚恋,reject,泛词、碎片、专名或语义漂移
5000,试管婴儿,0.39965865,4908,3972,母胎单身,亲密行为,reject,泛词、碎片、专名或语义漂移
5000,剧外,0.39932716,4909,1408,老公,表白与追求,reject,泛词、碎片、专名或语义漂移
5000,尿床,0.39909768,4910,3780,老公,婚恋,reject,泛词、碎片、专名或语义漂移
5000,丝袜,0.39909378,4911,2560,亲密,亲密行为,borderline,存在主题联想但依赖上下文，保留人工复核
5000,纽扣,0.39901197,4912,4812,被追,亲密行为,borderline,存在主题联想但依赖上下文，保留人工复核
5000,大发雷霆,0.39898205,4913,2519,前男友,社会比较与人生进度,reject,泛词、碎片、专名或语义漂移
5000,黄父,0.3989225,4914,1566,丈夫,婚恋,reject,泛词、碎片、专名或语义漂移
5000,村长,0.39884961,4915,4321,前任,婚恋,reject,泛词、碎片、专名或语义漂移
5000,大林,0.39866531,4916,4183,大学恋爱,亲密行为,reject,泛词、碎片、专名或语义漂移
5000,贤内助,0.39851004,4917,468,前男友,恋爱历史,keep,与目标语义直接或稳定相关
5000,赌王,0.39824909,4918,4076,脱单,单身与脱单,reject,泛词、碎片、专名或语义漂移
5000,阿水,0.39823854,4919,3392,接吻,亲密行为,reject,泛词、碎片、专名或语义漂移
5000,华哥,0.39783442,4920,936,男朋友,社会比较与人生进度,reject,泛词、碎片、专名或语义漂移
5000,南湖公园,0.39777476,4921,4799,校园恋爱,社会比较与人生进度,reject,泛词、碎片、专名或语义漂移
5000,故乡,0.39737415,4922,3553,青春,社会比较与人生进度,reject,泛词、碎片、专名或语义漂移
5000,爆光,0.39725718,4923,4455,被追,社会比较与人生进度,reject,泛词、碎片、专名或语义漂移
5000,三毛,0.3970986,4924,2836,拥抱,社会比较与人生进度,reject,泛词、碎片、专名或语义漂移
5000,护士长,0.39708641,4925,4517,伴侣,社会比较与人生进度,reject,泛词、碎片、专名或语义漂移
5000,混圈,0.39690602,4926,3032,落后,社会比较与人生进度,reject,泛词、碎片、专名或语义漂移
5000,马苏,0.39683944,4927,829,被追,社会比较与人生进度,reject,泛词、碎片、专名或语义漂移
5000,大逆转,0.39676958,4928,4379,落后,社会比较与人生进度,reject,泛词、碎片、专名或语义漂移
5000,日记本,0.39657944,4929,4700,感情史,社会比较与人生进度,borderline,存在主题联想但依赖上下文，保留人工复核
5000,英雄主义,0.39656758,4930,2822,追求,社会比较与人生进度,reject,泛词、碎片、专名或语义漂移
5000,上纲上线,0.39646906,4931,4595,拥抱,社会比较与人生进度,reject,泛词、碎片、专名或语义漂移
5000,六叔,0.39609349,4932,2025,同龄人,婚恋,reject,泛词、碎片、专名或语义漂移
5000,房祖名,0.39577958,4933,2146,结婚,婚恋,reject,泛词、碎片、专名或语义漂移
5000,大壮,0.39559472,4934,1528,拥抱,亲密行为,reject,泛词、碎片、专名或语义漂移
5000,如胶似漆,0.3955332,4935,297,亲密,表白与追求,keep,与目标语义直接或稳定相关
5000,黄觉,0.39521432,4936,4237,感情史,社会比较与人生进度,reject,泛词、碎片、专名或语义漂移
5000,无业游民,0.39489132,4937,3909,没有对象,单身与脱单,reject,泛词、碎片、专名或语义漂移
5000,安度晚年,0.39468348,4938,3455,约饭,社会比较与人生进度,borderline,存在主题联想但依赖上下文，保留人工复核
5000,暖化,0.39427418,4939,3936,散步,亲密行为,reject,泛词、碎片、专名或语义漂移
5000,蹦迪,0.39391363,4940,3793,脱单,约会,reject,泛词、碎片、专名或语义漂移
5000,甚笃,0.39377475,4941,2913,亲密,表白与追求,borderline,存在主题联想但依赖上下文，保留人工复核
5000,地久天长,0.39371735,4942,799,喜欢的人,社会比较与人生进度,keep,与目标语义直接或稳定相关
5000,三姑,0.39331055,4943,4457,订婚,婚恋,reject,泛词、碎片、专名或语义漂移
5000,作业本,0.39305556,4944,652,学生情侣,校园恋爱,borderline,存在主题联想但依赖上下文，保留人工复核
5000,亮哥,0.39286372,4945,935,男朋友,表白与追求,reject,泛词、碎片、专名或语义漂移
5000,嬉皮笑脸,0.39284644,4946,4977,暗恋,社会比较与人生进度,reject,泛词、碎片、专名或语义漂移
5000,罚站,0.39194143,4947,1873,被追,约会,reject,泛词、碎片、专名或语义漂移
5000,代沟,0.39190364,4948,2742,同龄人,社会比较与人生进度,borderline,存在主题联想但依赖上下文，保留人工复核
5000,狗仔队,0.39147162,4949,2756,前男友,亲密行为,reject,泛词、碎片、专名或语义漂移
5000,兜风,0.39094132,4950,1568,牵手,亲密行为,borderline,存在主题联想但依赖上下文，保留人工复核
5000,志军,0.39088529,4951,3486,男朋友,社会比较与人生进度,reject,泛词、碎片、专名或语义漂移
5000,四奶,0.3907885,4952,4834,约饭,亲密行为,reject,泛词、碎片、专名或语义漂移
5000,风花雪月,0.38996175,4953,980,恋人,恋爱核心,keep,与目标语义直接或稳定相关
5000,循规蹈矩,0.38989216,4954,4108,散步,社会比较与人生进度,reject,泛词、碎片、专名或语义漂移
5000,李玟,0.38891378,4955,4679,单身,恋爱历史,reject,泛词、碎片、专名或语义漂移
5000,主旋律,0.38868123,4956,4502,青春,社会比较与人生进度,reject,泛词、碎片、专名或语义漂移
5000,文工团,0.38866848,4957,4782,青春,社会比较与人生进度,reject,泛词、碎片、专名或语义漂移
5000,闹洞房,0.38859341,4958,750,婚礼,亲密行为,keep,与目标语义直接或稳定相关
5000,三角裤,0.38824773,4959,3737,校服,亲密行为,reject,泛词、碎片、专名或语义漂移
5000,扎小辫,0.38809627,4960,4924,订婚,社会比较与人生进度,reject,泛词、碎片、专名或语义漂移
5000,王室,0.38698265,4961,4240,落后,表白与追求,reject,泛词、碎片、专名或语义漂移
5000,灯芯绒,0.38686049,4962,4333,校服,亲密行为,reject,泛词、碎片、专名或语义漂移
5000,水瓶座,0.38621837,4963,538,对象,对象关系,borderline,存在主题联想但依赖上下文，保留人工复核
5000,满月酒,0.38556308,4964,475,约饭,社会比较与人生进度,reject,泛词、碎片、专名或语义漂移
5000,洋娃娃,0.38543573,4965,2745,母胎单身,社会比较与人生进度,reject,泛词、碎片、专名或语义漂移
5000,满城风雨,0.38525337,4966,3894,落后,社会比较与人生进度,reject,泛词、碎片、专名或语义漂移
5000,压哨,0.38332528,4967,4851,被追,社会比较与人生进度,reject,泛词、碎片、专名或语义漂移
5000,水瓶,0.38181117,4968,1747,对象,表白与追求,reject,泛词、碎片、专名或语义漂移
5000,小海,0.38172644,4969,2887,拥抱,社会比较与人生进度,reject,泛词、碎片、专名或语义漂移
5000,大宝,0.38147682,4970,2868,大学恋爱,社会比较与人生进度,reject,泛词、碎片、专名或语义漂移
5000,阿江,0.38044745,4971,2132,拥抱,约会,reject,泛词、碎片、专名或语义漂移
5000,修理工,0.38016289,4972,4988,追求,婚恋,reject,泛词、碎片、专名或语义漂移
5000,炎亚纶,0.37934726,4973,2340,前男友,恋爱历史,reject,泛词、碎片、专名或语义漂移
5000,丽萨,0.37880361,4974,3543,老婆,婚恋,reject,泛词、碎片、专名或语义漂移
5000,笔袋,0.37869519,4975,3825,牵手,亲密行为,reject,泛词、碎片、专名或语义漂移
5000,开豪车,0.37863716,4976,2683,婚礼,社会比较与人生进度,reject,泛词、碎片、专名或语义漂移
5000,泡温泉,0.37843543,4977,2167,爱情,亲密行为,borderline,存在主题联想但依赖上下文，保留人工复核
5000,辣鸡,0.37817121,4978,1787,约饭,社会比较与人生进度,reject,泛词、碎片、专名或语义漂移
5000,港媒,0.37817007,4979,2797,感情史,社会比较与人生进度,reject,泛词、碎片、专名或语义漂移
5000,金牛,0.37798178,4980,1683,情侣,社会比较与人生进度,reject,泛词、碎片、专名或语义漂移
5000,天伦之乐,0.37743008,4981,4786,伴侣,社会比较与人生进度,reject,泛词、碎片、专名或语义漂移
5000,尼坤,0.37601608,4982,3619,脱单,社会比较与人生进度,reject,泛词、碎片、专名或语义漂移
5000,山盟海誓,0.37543684,4983,306,婚礼,表白与追求,keep,与目标语义直接或稳定相关
5000,美华,0.37540382,4984,3996,老婆,表白与追求,reject,泛词、碎片、专名或语义漂移
5000,耳语,0.37469652,4985,2702,恋人,社会比较与人生进度,borderline,存在主题联想但依赖上下文，保留人工复核
5000,桃色新闻,0.37448168,4986,878,感情史,恋爱历史,keep,与目标语义直接或稳定相关
5000,菅纫姿,0.37182388,4987,3653,丈夫,婚恋,reject,泛词、碎片、专名或语义漂移
5000,香港媒体,0.36995369,4988,2183,感情史,亲密行为,reject,泛词、碎片、专名或语义漂移
5000,年轮,0.36972201,4989,1805,母胎单身,社会比较与人生进度,borderline,存在主题联想但依赖上下文，保留人工复核
5000,花天酒地,0.36912298,4990,1330,婚礼,约会,borderline,存在主题联想但依赖上下文，保留人工复核
5000,碧池,0.36597115,4991,2303,初恋,表白与追求,reject,泛词、碎片、专名或语义漂移
5000,鸡毛蒜皮,0.36250603,4992,4774,亲密,对象关系,reject,泛词、碎片、专名或语义漂移
5000,巴厘岛,0.35952187,4993,4352,约会,约会,reject,泛词、碎片、专名或语义漂移
5000,保鲜剂,0.35762453,4994,4655,追求,亲密行为,reject,泛词、碎片、专名或语义漂移
5000,花花世界,0.35676417,4995,4767,校园恋爱,社会比较与人生进度,borderline,存在主题联想但依赖上下文，保留人工复核
5000,至尊宝,0.3561765,4996,3888,落后,社会比较与人生进度,reject,泛词、碎片、专名或语义漂移
5000,红杏出墙,0.34689131,4997,958,告白,社会比较与人生进度,keep,与目标语义直接或稳定相关
5000,大吐苦水,0.34338763,4998,4908,初吻,亲密行为,reject,泛词、碎片、专名或语义漂移
5000,神补刀,0.34152207,4999,2202,前男友,表白与追求,reject,泛词、碎片、专名或语义漂移
5000,平底鞋,0.33100373,5000,3957,女朋友,社会比较与人生进度,reject,泛词、碎片、专名或语义漂移
