target_category,term,target_score,bge_target_score,rank_fusion_score,best_seed,bge_best_seed,legacy_exact_reference,decision,comment
校园外貌与信物,马尾,0.90539958,0.84726496,0.0161332292,马尾,马尾,True,,
校园外貌与信物,发梢,0.89612267,0.88105659,0.0161332292,发梢,发梢,True,,
校园外貌与信物,发卡,0.88871717,0.86633561,0.0158770161,发卡,发卡,True,,
校园外貌与信物,刘海,0.90315261,0.83200663,0.0156402737,刘海,刘海,True,,
校园外貌与信物,酒窝,0.86721387,0.83680816,0.0155048077,酒窝,酒窝,True,,
校园外貌与信物,红脸,0.83438129,0.83574874,0.0152680653,红脸,红脸,True,,
校园外貌与信物,发稍,0.82470995,0.66652257,0.014407131,发梢,发卡,False,,
校园外貌与信物,发丝,0.81769361,0.65387299,0.0138464477,发梢,发梢,False,,
校园外貌与信物,发夹,0.72846066,0.66562114,0.0136060718,发卡,发卡,False,,
校园外貌与信物,系扣,0.69508538,0.67293713,0.0134719711,纽扣,纽扣,False,,
校园外貌与信物,发根,0.69066371,0.67768669,0.0134192163,发梢,发梢,False,,
校园外貌与信物,头发,0.75905402,0.64304584,0.0132404181,发梢,发梢,False,,
校园外貌与信物,按扣,0.68092723,0.66992815,0.012856207,纽扣,纽扣,False,,
校园外貌与信物,额发,0.69839487,0.65026821,0.0128205128,发梢,发卡,False,,
校园外貌与信物,黑脸,0.69920464,0.64402,0.012666346,红脸,红脸,False,,
校园外貌与信物,发际,0.66509527,0.69521067,0.0125647274,发梢,发梢,False,,
校园外貌与信物,发髻,0.68909109,0.6491058,0.0123532103,马尾,发梢,False,,
校园外貌与信物,暗扣,0.66855446,0.65686831,0.0118980963,纽扣,纽扣,False,,
校园外貌与信物,秀发,0.74508972,0.59566019,0.0118464052,发梢,发梢,False,,
校园外貌与信物,卷发,0.75146863,0.58605294,0.0117592347,马尾,发梢,False,,
校园外貌与信物,直发,0.68428955,0.6264887,0.0114468864,马尾,发卡,False,,
校园外貌与信物,脸颊,0.67209334,0.62903948,0.0112359551,发梢,红脸,False,,
校园外貌与信物,白脸,0.66911545,0.63005946,0.0111166008,红脸,红脸,False,,
校园外貌与信物,脸型,0.68357058,0.59690801,0.0108823529,刘海,红脸,False,,
校园外貌与信物,鬓角,0.74204051,0.50344964,0.0106087136,发梢,发梢,False,,
校园外貌与信物,发质,0.62373416,0.65848927,0.0105729167,发梢,发梢,False,,
校园外貌与信物,梳发,0.64278512,0.6388134,0.0105395369,发梢,发梢,False,,
校园外貌与信物,橡皮筋,0.60250704,0.68272402,0.0105376546,马尾,小皮筋,False,,
校园外貌与信物,铜扣,0.63838841,0.64214261,0.0104488751,纽扣,纽扣,False,,
校园外貌与信物,流海,0.68936334,0.56177309,0.0103710652,刘海,刘海,False,,
校园外貌与信物,发中,0.61110618,0.66308379,0.0102532603,发梢,发梢,False,,
校园外貌与信物,鬓发,0.66551828,0.59717569,0.0102051442,发梢,发梢,False,,
校园外貌与信物,发卷,0.62219174,0.64498429,0.0100667939,发梢,发卡,False,,
校园外貌与信物,圆脸,0.63565007,0.61367654,0.0096498484,刘海,红脸,False,,
校园外貌与信物,发色,0.61531739,0.6373219,0.0095588235,刘海,发梢,False,,
校园外貌与信物,扣起来,0.62828201,0.62539437,0.0094347826,纽扣,纽扣,False,,
校园外貌与信物,剪短,0.67235391,0.49603378,0.0093582888,刘海,发梢,False,,
校园外貌与信物,大脸,0.61311121,0.63319621,0.009318555,刘海,红脸,False,,
校园外貌与信物,拉链,0.71863797,0.44632883,0.0093121693,纽扣,纽扣,False,,
校园外貌与信物,鹅蛋脸,0.66151123,0.56429814,0.0092983211,酒窝,红脸,False,,
纸面心意与暗号,纸条,0.92700241,0.92344322,0.0162612374,纸条,纸条,False,,
纸面心意与暗号,信封,0.92893318,0.91083527,0.0161332292,信封,信封,False,,
纸面心意与暗号,书信,0.90607426,0.91695516,0.0157568238,书信,书信,False,,
纸面心意与暗号,书签,0.91213355,0.89574399,0.0156288156,书签,书签,True,,
纸面心意与暗号,明信片,0.90709896,0.90392697,0.015625,明信片,明信片,False,,
纸面心意与暗号,暗号,0.85084863,0.84888687,0.0150384441,暗号,暗号,False,,
纸面心意与暗号,一封信,0.77139878,0.75846996,0.0141908213,书信,信封,False,,
纸面心意与暗号,信件,0.83607571,0.73195052,0.0140196078,书信,信封,False,,
纸面心意与暗号,信笺,0.78412645,0.7282588,0.0138253242,书信,信封,False,,
纸面心意与暗号,写信,0.72695844,0.76486804,0.0134505022,书信,书信,False,,
纸面心意与暗号,字条,0.8535953,0.71342542,0.013322884,纸条,纸条,False,,
纸面心意与暗号,张纸,0.73800354,0.7366414,0.0132735584,纸条,纸条,False,,
纸面心意与暗号,一封,0.7589813,0.71806352,0.0127091377,书信,信封,False,,
纸面心意与暗号,小纸,0.67821424,0.77143188,0.0124131816,信封,小纸条,False,,
纸面心意与暗号,那封,0.75560162,0.71178262,0.0122846442,书信,信封,False,,
纸面心意与暗号,日记,0.73735013,0.71204629,0.0119318182,日记本,日记本,False,,
纸面心意与暗号,来信,0.6880358,0.72103233,0.0117445055,书信,书信,False,,
纸面心意与暗号,信函,0.73576528,0.70936292,0.011667345,书信,信封,False,,
纸面心意与暗号,这封,0.76093507,0.69649361,0.0116112198,书信,信封,False,,
纸面心意与暗号,纸片,0.69890795,0.7173408,0.0115641711,纸条,纸条,False,,
纸面心意与暗号,寄信,0.68427618,0.7217207,0.0115374473,明信片,书信,False,,
纸面心意与暗号,信上,0.71502106,0.70764478,0.0113432453,书信,信封,False,,
纸面心意与暗号,写封,0.65402257,0.73280669,0.0111228193,情书,信封,False,,
纸面心意与暗号,纸包,0.67833595,0.71853497,0.011097561,信封,纸条,False,,
纸面心意与暗号,回信,0.74432385,0.68885448,0.0109974124,书信,书信,False,,
纸面心意与暗号,信给,0.66275747,0.72189864,0.010955711,书信,信封,False,,
纸面心意与暗号,密信,0.7498615,0.68073615,0.0109182853,书信,书信,False,,
纸面心意与暗号,便条,0.7762158,0.63221204,0.0107924922,纸条,纸条,False,,
纸面心意与暗号,纸卷,0.69484404,0.69957738,0.0105684726,信封,纸条,False,,
纸面心意与暗号,本子,0.77532632,0.59312756,0.0102890068,日记本,日记本,False,,
纸面心意与暗号,信中,0.69394171,0.69223909,0.0102725367,书信,书信,False,,
纸面心意与暗号,纸张,0.62232337,0.75714023,0.0102103418,信封,纸条,False,,
纸面心意与暗号,家书,0.75179245,0.63160322,0.0102021358,书信,书信,False,,
纸面心意与暗号,纸袋,0.67254988,0.70922801,0.0101966874,信封,纸条,False,,
纸面心意与暗号,笔记本,0.68571382,0.68788732,0.0099217986,日记本,日记本,False,,
纸面心意与暗号,稿纸,0.70204339,0.65937433,0.0097509614,日记本,纸条,False,,
纸面心意与暗号,书里,0.61600296,0.73269956,0.0097153366,日记本,书信,False,,
纸面心意与暗号,送信,0.6279952,0.72466066,0.0096782199,书信,书信,False,,
纸面心意与暗号,写日记,0.68547044,0.67520175,0.0096294938,日记本,日记本,False,,
纸面心意与暗号,十封信,0.62900484,0.71913986,0.009398646,情书,信封,False,,
校园空间与路线,篮球场,0.90830678,0.90543287,0.0162612374,篮球场,篮球场,True,,
校园空间与路线,图书馆,0.90944958,0.88301528,0.0160092213,图书馆,图书馆,True,,
校园空间与路线,体育馆,0.90032873,0.89249535,0.0158770161,体育馆,体育馆,True,,
校园空间与路线,广播站,0.88165267,0.88653529,0.0153991945,广播站,广播站,True,,
校园空间与路线,林荫道,0.90142593,0.83074213,0.0150793651,林荫道,林荫道,True,,
校园空间与路线,小卖部,0.89700438,0.83869481,0.0149386845,小卖部,小卖部,True,,
校园空间与路线,看台,0.86865762,0.87752941,0.0149386845,看台,看台,False,,
校园空间与路线,走廊,0.89121139,0.85016508,0.0149286988,走廊,走廊,False,,
校园空间与路线,公交站,0.873998,0.87167947,0.0149286988,公交站,公交站,True,,
校园空间与路线,公交车站,0.82384413,0.85040723,0.0145049401,公交站,公交站,False,,
校园空间与路线,公交站点,0.73546755,0.81782721,0.0137089202,公交站,公交站,False,,
校园空间与路线,图书室,0.72153635,0.80711247,0.013178429,图书馆,图书馆,False,,
校园空间与路线,运动场,0.76165987,0.74775243,0.0130993151,操场,篮球场,False,,
校园空间与路线,小卖店,0.82837389,0.71434184,0.0127608347,小卖部,小卖部,False,,
校园空间与路线,球场,0.68571563,0.81572715,0.0124389499,篮球场,篮球场,False,,
校园空间与路线,公交,0.69447833,0.7840023,0.0124137931,公交站,公交站,False,,
校园空间与路线,体育场,0.69295535,0.80632032,0.0123747343,体育馆,体育馆,False,,
校园空间与路线,公交车,0.70600033,0.75139,0.0122114669,公交站,公交站,False,,
校园空间与路线,足球场,0.72383683,0.71635361,0.0121753247,篮球场,篮球场,False,,
校园空间与路线,体育中心,0.70724785,0.74733536,0.0121252205,体育馆,体育馆,False,,
校园空间与路线,观众台,0.69157772,0.74327686,0.0116531165,看台,看台,False,,
校园空间与路线,长廊,0.717027,0.70412529,0.0114919884,走廊,走廊,False,,
校园空间与路线,书店,0.66402705,0.75188366,0.0114607615,图书馆,图书馆,False,,
校园空间与路线,阅览室,0.77041695,0.64987144,0.0114489489,图书馆,图书馆,False,,
校园空间与路线,廊道,0.70518526,0.71244568,0.011369509,走廊,走廊,False,,
校园空间与路线,地铁站,0.71872679,0.65852811,0.0109228972,公交站,公交站,False,,
校园空间与路线,走道,0.71538582,0.66270986,0.0108594657,走廊,走廊,False,,
校园空间与路线,田径场,0.758757,0.58695068,0.01000351,操场,操场,False,,
校园空间与路线,站牌,0.72376269,0.60508109,0.009981685,公交站,广播站,False,,
校园空间与路线,公交线,0.62747114,0.75230727,0.0099417824,公交站,公交站,False,,
校园空间与路线,场馆,0.65613568,0.70025268,0.0099253145,体育馆,体育馆,False,,
校园空间与路线,到校,0.71474117,0.61458085,0.0097554397,放学,放学,False,,
校园空间与路线,汽车站,0.65556283,0.66762731,0.009574858,公交站,公交站,False,,
校园空间与路线,绿荫,0.66079516,0.65166897,0.0094474153,林荫道,林荫道,False,,
校园空间与路线,火车站,0.66053469,0.65236652,0.0094415249,公交站,公交站,False,,
校园空间与路线,站点,0.64813274,0.66690665,0.0093186546,公交站,公交站,False,,
校园空间与路线,公交线路,0.62750196,0.72685649,0.0092861757,公交站,公交站,False,,
校园空间与路线,车站,0.62938664,0.71967297,0.0092436299,公交站,公交站,False,,
校园空间与路线,实验楼,0.73015492,0.5140347,0.0090665096,教室,教室,False,,
校园空间与路线,学生宿舍,0.69367697,0.5945992,0.0090601966,教室,教室,False,,
校园日常互动,等车,0.81877301,0.8702688,0.0163934426,等车,等车,False,,
校园日常互动,上车,0.58942337,0.66282061,0.0152680653,等车,等车,False,,
校园日常互动,车时,0.5621237,0.6713236,0.0144490644,等车,等车,False,,
校园日常互动,下车时,0.56046633,0.65280461,0.0138253242,等车,等车,False,,
校园日常互动,合影留念,0.5797137,0.63413517,0.0137918005,合照,合照,False,,
校园日常互动,美照,0.58383749,0.61444659,0.0128949065,合照,合照,False,,
校园日常互动,后座,0.55149931,0.63033046,0.0124228395,等车,留座,False,,
校园日常互动,等客,0.50684381,0.6830496,0.0121031746,等车,等车,False,,
校园日常互动,上下车,0.57757859,0.58995953,0.0119400971,等车,等车,False,,
校园日常互动,两张照片,0.6138491,0.55419807,0.0118427579,合照,合照,False,,
校园日常互动,拍照,0.53934308,0.62569647,0.0116341991,合照,合照,False,,
校园日常互动,车里,0.57498081,0.56665072,0.0113786082,等车,等车,False,,
校园日常互动,生活照,0.53748777,0.62233814,0.011365104,合照,合照,False,,
校园日常互动,大头照,0.59591391,0.53477094,0.0112607759,合照,合照,False,,
校园日常互动,照相,0.50761806,0.64875845,0.0112439342,合照,合照,False,,
校园日常互动,车上,0.56189891,0.58725715,0.0112121212,等车,等车,False,,
校园日常互动,晒出,0.62004026,0.51021121,0.0111509359,合照,合照,False,,
校园日常互动,一辆车,0.54273919,0.59615759,0.0107142857,等车,等车,False,,
校园日常互动,出租车,0.56822948,0.54100493,0.0106654419,等车,等车,False,,
校园日常互动,值勤,0.52193538,0.62050858,0.010583779,值日,值日,False,,
校园日常互动,接车,0.49894593,0.64578528,0.0103704418,等车,等车,False,,
校园日常互动,乘车,0.49251511,0.65065706,0.0103275705,等车,等车,False,,
校园日常互动,留影,0.50879333,0.62818103,0.0102613845,合照,留座,False,,
校园日常互动,打车,0.52876112,0.5986588,0.010230713,等车,等车,False,,
校园日常互动,让座,0.47486306,0.70124995,0.0102012683,等车,留座,False,,
校园日常互动,叫车,0.49940313,0.63570487,0.0100073787,等车,等车,False,,
校园日常互动,留念,0.5172613,0.61666684,0.0099587912,合照,留座,False,,
校园日常互动,车来,0.52781247,0.59421928,0.0098927875,等车,等车,False,,
校园日常互动,证件照,0.48170217,0.65419931,0.0098405034,合照,合照,False,,
校园日常互动,车座,0.46910486,0.67311816,0.0097208969,等车,留座,False,,
校园日常互动,但车,0.48563271,0.64692259,0.0096618357,等车,等车,False,,
校园日常互动,分享照片,0.53961886,0.55383313,0.0096230954,合照,合照,False,,
校园日常互动,同车,0.47406239,0.6591668,0.0095635269,等车,等车,False,,
校园日常互动,取车,0.49090827,0.63728998,0.0095609912,等车,等车,False,,
校园日常互动,拍张,0.54360155,0.53772217,0.0095452231,合照,合照,False,,
校园日常互动,大巴车,0.55770099,0.51063167,0.009434704,等车,等车,False,,
校园日常互动,将车,0.4855839,0.63857002,0.0093693694,等车,等车,False,,
校园日常互动,中巴车,0.54138037,0.53665372,0.0093545752,等车,等车,False,,
校园日常互动,晒图,0.54442911,0.52008659,0.0093233674,合照,合照,False,,
校园日常互动,小车,0.51858526,0.59556401,0.0093025268,等车,等车,False,,
青春感官与毕业,晚霞,0.89319719,0.87070987,0.0162612374,晚霞,晚霞,True,,
青春感官与毕业,晨光,0.88527286,0.87592304,0.0162612374,晨光,晨光,True,,
青春感官与毕业,铃声,0.84497373,0.85993292,0.0158730159,铃声,铃声,False,,
青春感官与毕业,雨伞,0.82945547,0.8341696,0.0155048077,雨伞,雨伞,False,,
青春感官与毕业,晨曦,0.77536881,0.72533036,0.0148221344,晨光,晨光,False,,
青春感官与毕业,朝霞,0.80689864,0.70546465,0.0146367521,晚霞,晚霞,False,,
青春感官与毕业,霞光,0.72125254,0.69090393,0.0138095238,晚霞,晚霞,False,,
青春感官与毕业,彩霞,0.70067865,0.69944086,0.0136060718,晚霞,晚霞,False,,
青春感官与毕业,铃响,0.64802535,0.75448163,0.0130702631,铃声,铃声,False,,
青春感官与毕业,彩霞满天,0.73898644,0.62711816,0.0128643543,晚霞,晚霞,False,,
青春感官与毕业,送别,0.64884015,0.70660492,0.0125978091,离别,离别,False,,
青春感官与毕业,惜别,0.67471058,0.65213132,0.0124266749,离别,离别,False,,
青春感官与毕业,晨露,0.67073584,0.67073553,0.0124228395,晨光,晨光,False,,
青春感官与毕业,暮色,0.75433199,0.5593698,0.0117389061,晚霞,晚霞,False,,
青春感官与毕业,闹铃,0.64005685,0.66328605,0.0113274787,铃声,铃声,False,,
青春感官与毕业,夜色,0.68699343,0.56159289,0.0111815355,晨光,晚霞,False,,
青春感官与毕业,落日,0.77474777,0.50445226,0.0110341151,晚霞,晚霞,False,,
青春感官与毕业,晨钟,0.61601562,0.68537889,0.0108162355,晨光,晨光,False,,
青春感官与毕业,日落,0.68653834,0.5355222,0.0107988981,晚霞,晚霞,False,,
青春感官与毕业,微光,0.64015017,0.62276651,0.0105846774,晨光,晨光,False,,
青春感官与毕业,夜幕,0.67192013,0.54714274,0.0104872881,晨光,晚霞,False,,
青春感官与毕业,雨衣,0.63009955,0.63644056,0.0104695089,雨伞,雨伞,False,,
青春感官与毕业,远别,0.60849215,0.68244807,0.0102813853,离别,离别,False,,
青春感官与毕业,日光,0.60770315,0.68036811,0.0100334448,晨光,晨光,False,,
青春感官与毕业,月光,0.6288401,0.62504028,0.0098595614,晨光,晨光,False,,
青春感官与毕业,肄业,0.58547024,0.70752159,0.0097883598,毕业,毕业,False,,
青春感官与毕业,秋色,0.7068431,0.47299839,0.0097853535,晚霞,晚霞,False,,
青春感官与毕业,细雨,0.63164489,0.600208,0.0097123998,晚霞,雨伞,False,,
青春感官与毕业,毕业生,0.5653075,0.85261006,0.0096643519,毕业,毕业,False,,
青春感官与毕业,天空,0.66075943,0.51110522,0.0096136962,晚霞,晚霞,False,,
青春感官与毕业,伞下,0.58542445,0.70506499,0.009480894,雨伞,雨伞,False,,
青春感官与毕业,月色,0.68184845,0.47350706,0.0094525106,晚霞,晚霞,False,,
青春感官与毕业,曙光,0.60365301,0.64848776,0.0094488844,晨光,晨光,False,,
青春感官与毕业,毕业分配,0.56928719,0.74987164,0.0094389712,毕业,毕业,False,,
青春感官与毕业,晴空,0.64901994,0.51436582,0.0094058563,晚霞,晨光,False,,
青春感官与毕业,离去,0.57044619,0.72860374,0.0093690702,离别,离别,False,,
青春感官与毕业,天边,0.71617676,0.43996747,0.0092945058,晚霞,晨光,False,,
青春感官与毕业,夜空,0.6325768,0.55862939,0.0092123056,晚霞,晚霞,False,,
青春感官与毕业,电话铃,0.58942572,0.67816632,0.0091539727,铃声,铃声,False,,
青春感官与毕业,日出,0.65611424,0.49001862,0.0090583847,晚霞,晨光,False,,
约会物件与仪式,玫瑰,0.86643677,0.87167435,0.0163934426,玫瑰,玫瑰,False,,
约会物件与仪式,奶茶,0.85653296,0.84140068,0.0161290323,奶茶,奶茶,False,,
约会物件与仪式,影院,0.78218968,0.7934508,0.0158730159,电影院,电影院,False,,
约会物件与仪式,礼品,0.67729127,0.78755914,0.0150452489,礼物,礼物,False,,
约会物件与仪式,儿童乐园,0.6800125,0.71311471,0.0142194433,游乐园,游乐园,False,,
约会物件与仪式,新年礼物,0.74175353,0.65890822,0.013910061,礼物,礼物,False,,
约会物件与仪式,乐园,0.65183904,0.76304278,0.0137485971,游乐园,游乐园,False,,
约会物件与仪式,纪念,0.6487639,0.79193745,0.0136948529,纪念日,纪念日,False,,
约会物件与仪式,礼盒,0.64441998,0.72139267,0.0125964415,礼物,礼物,False,,
约会物件与仪式,妇女节,0.68920612,0.59696455,0.0120400433,情人节,情人节,False,,
约会物件与仪式,放映厅,0.71370646,0.57051338,0.0115384615,电影院,电影院,False,,
约会物件与仪式,电影城,0.64061773,0.6581153,0.011458879,电影院,电影院,False,,
约会物件与仪式,游乐区,0.63249642,0.6747462,0.011379619,游乐园,游乐园,False,,
约会物件与仪式,影剧院,0.6106301,0.73466425,0.011199095,电影院,电影院,False,,
约会物件与仪式,进影院,0.61801037,0.72916898,0.0110766758,电影院,电影院,False,,
约会物件与仪式,花朵,0.63030193,0.66473451,0.0110272084,玫瑰,花束,False,,
约会物件与仪式,鲜花,0.65325108,0.60608302,0.0109587436,玫瑰,花束,False,,
约会物件与仪式,送给,0.63064942,0.64847038,0.010902876,礼物,礼物,False,,
约会物件与仪式,送礼,0.60958295,0.73145274,0.0109022556,礼物,礼物,False,,
约会物件与仪式,饮品,0.66806562,0.56439658,0.0106481481,奶茶,奶茶,False,,
约会物件与仪式,主题乐园,0.62848277,0.64744217,0.0105309346,游乐园,游乐园,False,,
约会物件与仪式,纪念活动,0.5946391,0.72950132,0.0103979582,纪念日,纪念日,False,,
约会物件与仪式,游乐,0.60692298,0.70187207,0.0102285824,游乐园,游乐园,False,,
约会物件与仪式,戏院,0.62521127,0.63944438,0.0102272727,电影院,电影院,False,,
约会物件与仪式,影城,0.65065897,0.58855418,0.0102257771,电影院,电影院,False,,
约会物件与仪式,咖啡,0.67287161,0.50992426,0.0098602484,奶茶,奶茶,False,,
约会物件与仪式,儿童节,0.65798475,0.53336368,0.0098113208,七夕,情人节,False,,
约会物件与仪式,中秋节,0.66407553,0.52031134,0.0097732917,七夕,情人节,False,,
约会物件与仪式,欢乐谷,0.65472174,0.53421687,0.0097636607,游乐园,游乐园,False,,
约会物件与仪式,电影票,0.61371645,0.6473947,0.0096230954,电影院,电影院,False,,
约会物件与仪式,父亲节,0.65428928,0.52690157,0.0095238095,情人节,情人节,False,,
约会物件与仪式,剧院,0.61535189,0.63439907,0.0095238095,电影院,电影院,False,,
约会物件与仪式,三八节,0.65387006,0.53099608,0.0095158465,情人节,情人节,False,,
约会物件与仪式,游园,0.54779114,0.73860819,0.0091633668,游乐园,游乐园,False,,
约会物件与仪式,中秋,0.67141081,0.44170853,0.0091519582,七夕,纪念日,False,,
约会物件与仪式,除夕,0.58260081,0.66928612,0.0090909091,情人节,七夕,False,,
约会物件与仪式,奶盖,0.64243723,0.55701822,0.0090659341,奶茶,奶茶,False,,
约会物件与仪式,观影,0.6203493,0.6077756,0.0089904854,电影院,电影院,False,,
约会物件与仪式,两周年,0.66306734,0.46172125,0.008978979,纪念日,纪念日,False,,
约会物件与仪式,摩天轮,0.67419398,0.34683516,0.0089412921,游乐园,游乐园,False,,
