sample_center,term,score,rank,best_seed,best_category,keep,comment
1,妻子,0.96703861,1,妻子,婚恋,keep,与恋爱、婚恋、亲密、单身或校园恋爱语义直接或稳定相关
1,老婆,0.96671963,2,老婆,婚恋,keep,与恋爱、婚恋、亲密、单身或校园恋爱语义直接或稳定相关
1,丈夫,0.96635027,3,丈夫,婚恋,keep,与恋爱、婚恋、亲密、单身或校园恋爱语义直接或稳定相关
1,前女友,0.96191959,4,前女友,恋爱历史,keep,与恋爱、婚恋、亲密、单身或校园恋爱语义直接或稳定相关
1,女朋友,0.95994987,5,女朋友,对象关系,keep,与恋爱、婚恋、亲密、单身或校园恋爱语义直接或稳定相关
1,前男友,0.95952582,6,前男友,恋爱历史,keep,与恋爱、婚恋、亲密、单身或校园恋爱语义直接或稳定相关
1,男朋友,0.95656223,7,男朋友,对象关系,keep,与恋爱、婚恋、亲密、单身或校园恋爱语义直接或稳定相关
1,告白,0.95130222,8,告白,表白与追求,keep,与恋爱、婚恋、亲密、单身或校园恋爱语义直接或稳定相关
1,订婚,0.9444724,9,订婚,婚恋,keep,与恋爱、婚恋、亲密、单身或校园恋爱语义直接或稳定相关
1,恋人,0.94397521,10,恋人,对象关系,keep,与恋爱、婚恋、亲密、单身或校园恋爱语义直接或稳定相关
1,结婚,0.943651,11,结婚,婚恋,keep,与恋爱、婚恋、亲密、单身或校园恋爱语义直接或稳定相关
1,表白,0.9425822,12,表白,表白与追求,keep,与恋爱、婚恋、亲密、单身或校园恋爱语义直接或稳定相关
1,暗恋,0.94219704,13,暗恋,表白与追求,keep,与恋爱、婚恋、亲密、单身或校园恋爱语义直接或稳定相关
1,爱情,0.94012864,14,爱情,恋爱核心,keep,与恋爱、婚恋、亲密、单身或校园恋爱语义直接或稳定相关
1,恋爱,0.93890723,15,恋爱,恋爱核心,keep,与恋爱、婚恋、亲密、单身或校园恋爱语义直接或稳定相关
1,约会,0.93756411,16,约会,约会,keep,与恋爱、婚恋、亲密、单身或校园恋爱语义直接或稳定相关
1,单身,0.93700039,17,单身,单身与脱单,keep,与恋爱、婚恋、亲密、单身或校园恋爱语义直接或稳定相关
1,求婚,0.93652747,18,求婚,婚恋,keep,与恋爱、婚恋、亲密、单身或校园恋爱语义直接或稳定相关
1,初恋,0.93633118,19,初恋,恋爱核心,keep,与恋爱、婚恋、亲密、单身或校园恋爱语义直接或稳定相关
1,伴侣,0.9337019,20,伴侣,对象关系,keep,与恋爱、婚恋、亲密、单身或校园恋爱语义直接或稳定相关
1,婚礼,0.93290451,21,婚礼,婚恋,keep,与恋爱、婚恋、亲密、单身或校园恋爱语义直接或稳定相关
1,情侣,0.92879524,22,情侣,对象关系,keep,与恋爱、婚恋、亲密、单身或校园恋爱语义直接或稳定相关
1,第一次约会,0.92739258,23,第一次约会,约会,keep,与恋爱、婚恋、亲密、单身或校园恋爱语义直接或稳定相关
1,恋情,0.92644799,24,恋情,恋爱核心,keep,与恋爱、婚恋、亲密、单身或校园恋爱语义直接或稳定相关
1,脱单,0.92546068,25,脱单,单身与脱单,keep,与恋爱、婚恋、亲密、单身或校园恋爱语义直接或稳定相关
1,亲密关系,0.91592385,26,亲密关系,亲密行为,keep,与恋爱、婚恋、亲密、单身或校园恋爱语义直接或稳定相关
1,前任,0.91308937,27,前任,恋爱历史,keep,与恋爱、婚恋、亲密、单身或校园恋爱语义直接或稳定相关
1,早恋,0.90824544,28,早恋,校园恋爱,keep,与恋爱、婚恋、亲密、单身或校园恋爱语义直接或稳定相关
1,牵手,0.90379534,29,牵手,亲密行为,keep,与恋爱、婚恋、亲密、单身或校园恋爱语义直接或稳定相关
1,亲密,0.90194061,30,亲密,亲密行为,keep,与恋爱、婚恋、亲密、单身或校园恋爱语义直接或稳定相关
1,接吻,0.90099597,31,接吻,亲密行为,keep,与恋爱、婚恋、亲密、单身或校园恋爱语义直接或稳定相关
1,拥抱,0.89452015,32,拥抱,亲密行为,keep,与恋爱、婚恋、亲密、单身或校园恋爱语义直接或稳定相关
1,同桌,0.89336903,33,同桌,校园恋爱,keep,与恋爱、婚恋、亲密、单身或校园恋爱语义直接或稳定相关
1,青春,0.89310684,34,青春,社会比较与人生进度,keep,与恋爱、婚恋、亲密、单身或校园恋爱语义直接或稳定相关
1,对象,0.87711277,35,对象,对象关系,keep,与恋爱、婚恋、亲密、单身或校园恋爱语义直接或稳定相关
1,前任女友,0.87482831,36,前女友,恋爱历史,keep,与恋爱、婚恋、亲密、单身或校园恋爱语义直接或稳定相关
1,追求,0.87148339,37,追求,表白与追求,keep,与恋爱、婚恋、亲密、单身或校园恋爱语义直接或稳定相关
1,散步,0.86934829,38,散步,约会,keep,与恋爱、婚恋、亲密、单身或校园恋爱语义直接或稳定相关
1,同龄人,0.86271603,39,同龄人,社会比较与人生进度,keep,与恋爱、婚恋、亲密、单身或校园恋爱语义直接或稳定相关
1,校服,0.8606405,40,校服,校园恋爱,keep,与恋爱、婚恋、亲密、单身或校园恋爱语义直接或稳定相关
1,男友,0.8584712,41,男朋友,恋爱历史,keep,与恋爱、婚恋、亲密、单身或校园恋爱语义直接或稳定相关
1,媳妇,0.85249555,42,老婆,婚恋,keep,与恋爱、婚恋、亲密、单身或校园恋爱语义直接或稳定相关
1,谈恋爱,0.8402523,43,恋爱,恋爱核心,keep,与恋爱、婚恋、亲密、单身或校园恋爱语义直接或稳定相关
1,女友,0.83992349,44,女朋友,婚恋,keep,与恋爱、婚恋、亲密、单身或校园恋爱语义直接或稳定相关
1,初恋女友,0.83315423,45,前女友,恋爱历史,keep,与恋爱、婚恋、亲密、单身或校园恋爱语义直接或稳定相关
1,结婚典礼,0.83131949,46,婚礼,婚恋,keep,与恋爱、婚恋、亲密、单身或校园恋爱语义直接或稳定相关
1,落后,0.82336135,47,落后,社会比较与人生进度,keep,与恋爱、婚恋、亲密、单身或校园恋爱语义直接或稳定相关
1,媳妇儿,0.8160691,48,老婆,婚恋,keep,与恋爱、婚恋、亲密、单身或校园恋爱语义直接或稳定相关
1,儿子,0.81544883,49,妻子,婚恋,reject,泛词、上下文碎片、专名或家庭/校园/场景语义漂移
1,感情,0.8134701,50,爱情,恋爱核心,keep,与恋爱、婚恋、亲密、单身或校园恋爱语义直接或稳定相关
1,女儿,0.81321347,51,妻子,婚恋,reject,泛词、上下文碎片、专名或家庭/校园/场景语义漂移
1,成婚,0.80351181,52,订婚,婚恋,keep,与恋爱、婚恋、亲密、单身或校园恋爱语义直接或稳定相关
1,另一半,0.80333999,53,伴侣,对象关系,keep,与恋爱、婚恋、亲密、单身或校园恋爱语义直接或稳定相关
1,儿媳妇,0.80325906,54,老婆,婚恋,reject,泛词、上下文碎片、专名或家庭/校园/场景语义漂移
1,示爱,0.80051304,55,告白,表白与追求,keep,与恋爱、婚恋、亲密、单身或校园恋爱语义直接或稳定相关
1,前妻,0.79982343,56,妻子,婚恋,keep,与恋爱、婚恋、亲密、单身或校园恋爱语义直接或稳定相关
1,完婚,0.7986048,57,订婚,婚恋,keep,与恋爱、婚恋、亲密、单身或校园恋爱语义直接或稳定相关
1,前夫,0.79823043,58,丈夫,婚恋,keep,与恋爱、婚恋、亲密、单身或校园恋爱语义直接或稳定相关
1,两性关系,0.79755802,59,亲密关系,恋爱核心,keep,与恋爱、婚恋、亲密、单身或校园恋爱语义直接或稳定相关
1,婚后,0.7969579,60,结婚,婚恋,keep,与恋爱、婚恋、亲密、单身或校园恋爱语义直接或稳定相关
1,爱人,0.79640616,61,恋人,对象关系,keep,与恋爱、婚恋、亲密、单身或校园恋爱语义直接或稳定相关
1,儿媳,0.79586613,62,丈夫,婚恋,reject,泛词、上下文碎片、专名或家庭/校园/场景语义漂移
1,女票,0.79324436,63,男朋友,对象关系,keep,与恋爱、婚恋、亲密、单身或校园恋爱语义直接或稳定相关
1,闺蜜,0.79004282,64,男朋友,对象关系,reject,泛词、上下文碎片、专名或家庭/校园/场景语义漂移
1,公婆,0.78732662,65,老公,婚恋,reject,泛词、上下文碎片、专名或家庭/校园/场景语义漂移
1,婚姻,0.78624923,66,爱情,恋爱核心,keep,与恋爱、婚恋、亲密、单身或校园恋爱语义直接或稳定相关
1,结了婚,0.78585457,67,结婚,婚恋,keep,与恋爱、婚恋、亲密、单身或校园恋爱语义直接或稳定相关
1,丈母娘,0.78181157,68,老婆,婚恋,reject,泛词、上下文碎片、专名或家庭/校园/场景语义漂移
1,闺密,0.781389,69,男朋友,对象关系,reject,泛词、上下文碎片、专名或家庭/校园/场景语义漂移
1,离婚,0.77629497,70,结婚,婚恋,keep,与恋爱、婚恋、亲密、单身或校园恋爱语义直接或稳定相关
1,婚宴,0.77407451,71,婚礼,婚恋,keep,与恋爱、婚恋、亲密、单身或校园恋爱语义直接或稳定相关
1,男同学,0.77349494,72,同桌,校园恋爱,borderline,存在主题联想但依赖上下文，暂不进入保守自动接收集合
1,分手,0.77204361,73,前女友,恋爱历史,keep,与恋爱、婚恋、亲密、单身或校园恋爱语义直接或稳定相关
1,亲嘴,0.77138996,74,接吻,亲密行为,keep,与恋爱、婚恋、亲密、单身或校园恋爱语义直接或稳定相关
1,领证,0.76758029,75,结婚,婚恋,keep,与恋爱、婚恋、亲密、单身或校园恋爱语义直接或稳定相关
1,女同学,0.76754698,76,同桌,校园恋爱,borderline,存在主题联想但依赖上下文，暂不进入保守自动接收集合
1,热恋,0.76729207,77,恋爱,恋爱核心,keep,与恋爱、婚恋、亲密、单身或校园恋爱语义直接或稳定相关
1,真爱,0.76697161,78,爱情,恋爱核心,keep,与恋爱、婚恋、亲密、单身或校园恋爱语义直接或稳定相关
1,情人,0.7626161,79,恋人,对象关系,keep,与恋爱、婚恋、亲密、单身或校园恋爱语义直接或稳定相关
1,谈婚论嫁,0.76115282,80,结婚,恋爱核心,keep,与恋爱、婚恋、亲密、单身或校园恋爱语义直接或稳定相关
1,父亲,0.76082945,81,妻子,婚恋,reject,泛词、上下文碎片、专名或家庭/校园/场景语义漂移
1,同龄,0.76053621,82,同龄人,社会比较与人生进度,keep,与恋爱、婚恋、亲密、单身或校园恋爱语义直接或稳定相关
1,再婚,0.75846829,83,结婚,婚恋,keep,与恋爱、婚恋、亲密、单身或校园恋爱语义直接或稳定相关
1,亲密无间,0.75723659,84,亲密,亲密行为,keep,与恋爱、婚恋、亲密、单身或校园恋爱语义直接或稳定相关
1,相爱,0.75608575,85,爱情,恋爱核心,keep,与恋爱、婚恋、亲密、单身或校园恋爱语义直接或稳定相关
1,恋爱中,0.75608525,86,恋爱,恋爱核心,keep,与恋爱、婚恋、亲密、单身或校园恋爱语义直接或稳定相关
1,爸妈,0.75546815,87,老公,婚恋,reject,泛词、上下文碎片、专名或家庭/校园/场景语义漂移
1,相恋,0.75243666,88,恋情,恋爱核心,keep,与恋爱、婚恋、亲密、单身或校园恋爱语义直接或稳定相关
1,男生,0.75211996,89,男朋友,对象关系,borderline,存在主题联想但依赖上下文，暂不进入保守自动接收集合
1,母亲,0.75126696,90,丈夫,婚恋,reject,泛词、上下文碎片、专名或家庭/校园/场景语义漂移
1,接吻时,0.75087056,91,接吻,亲密行为,keep,与恋爱、婚恋、亲密、单身或校园恋爱语义直接或稳定相关
1,感情生活,0.74853718,92,恋情,恋爱核心,keep,与恋爱、婚恋、亲密、单身或校园恋爱语义直接或稳定相关
1,同班,0.74714479,93,同桌,校园恋爱,borderline,存在主题联想但依赖上下文，暂不进入保守自动接收集合
1,嫂子,0.74705011,94,老婆,婚恋,reject,泛词、上下文碎片、专名或家庭/校园/场景语义漂移
1,爱侣,0.74589969,95,恋人,对象关系,keep,与恋爱、婚恋、亲密、单身或校园恋爱语义直接或稳定相关
1,婚事,0.74569033,96,订婚,婚恋,keep,与恋爱、婚恋、亲密、单身或校园恋爱语义直接或稳定相关
1,同居,0.74518422,97,结婚,婚恋,keep,与恋爱、婚恋、亲密、单身或校园恋爱语义直接或稳定相关
1,老爸,0.7441704,98,老婆,婚恋,reject,泛词、上下文碎片、专名或家庭/校园/场景语义漂移
1,婚讯,0.74406331,99,恋情,婚恋,keep,与恋爱、婚恋、亲密、单身或校园恋爱语义直接或稳定相关
1,情爱,0.74382007,100,爱情,恋爱核心,keep,与恋爱、婚恋、亲密、单身或校园恋爱语义直接或稳定相关
1000,怀恋,0.58153181,951,初恋,社会比较与人生进度,keep,与恋爱、婚恋、亲密、单身或校园恋爱语义直接或稳定相关
1000,反超,0.58146994,952,落后,社会比较与人生进度,reject,泛词、上下文碎片、专名或家庭/校园/场景语义漂移
1000,初夜,0.58140652,953,初恋,恋爱历史,keep,与恋爱、婚恋、亲密、单身或校园恋爱语义直接或稳定相关
1000,愧疚,0.58140426,954,妻子,婚恋,borderline,存在主题联想但依赖上下文，暂不进入保守自动接收集合
1000,每对,0.58138393,955,情侣,对象关系,reject,泛词、上下文碎片、专名或家庭/校园/场景语义漂移
1000,离家出走,0.58129461,956,丈夫,婚恋,reject,泛词、上下文碎片、专名或家庭/校园/场景语义漂移
1000,睡衣,0.58121413,957,校服,校园恋爱,reject,泛词、上下文碎片、专名或家庭/校园/场景语义漂移
1000,红杏出墙,0.58118411,958,老婆,婚恋,keep,与恋爱、婚恋、亲密、单身或校园恋爱语义直接或稳定相关
1000,初心,0.58111081,959,青春,社会比较与人生进度,reject,泛词、上下文碎片、专名或家庭/校园/场景语义漂移
1000,坐月子,0.58104557,960,老公,婚恋,reject,泛词、上下文碎片、专名或家庭/校园/场景语义漂移
1000,爱不爱,0.58098626,961,爱情,恋爱核心,keep,与恋爱、婚恋、亲密、单身或校园恋爱语义直接或稳定相关
1000,说要,0.58095936,962,女朋友,婚恋,reject,泛词、上下文碎片、专名或家庭/校园/场景语义漂移
1000,饭后,0.58072522,963,散步,约会,reject,泛词、上下文碎片、专名或家庭/校园/场景语义漂移
1000,放弃,0.58063815,964,追求,社会比较与人生进度,borderline,存在主题联想但依赖上下文，暂不进入保守自动接收集合
1000,受委屈,0.58061477,965,老婆,婚恋,borderline,存在主题联想但依赖上下文，暂不进入保守自动接收集合
1000,扒出,0.58057976,966,前女友,恋爱历史,reject,泛词、上下文碎片、专名或家庭/校园/场景语义漂移
1000,五岁,0.58057144,967,同龄人,婚恋,reject,泛词、上下文碎片、专名或家庭/校园/场景语义漂移
1000,喜糖,0.58044801,968,婚礼,婚恋,keep,与恋爱、婚恋、亲密、单身或校园恋爱语义直接或稳定相关
1000,女主,0.58032376,969,男朋友,恋爱历史,reject,泛词、上下文碎片、专名或家庭/校园/场景语义漂移
1000,光棍,0.58027663,970,单身,单身与脱单,keep,与恋爱、婚恋、亲密、单身或校园恋爱语义直接或稳定相关
1000,你们,0.58022935,971,女朋友,对象关系,reject,泛词、上下文碎片、专名或家庭/校园/场景语义漂移
1000,不在家,0.58018513,972,老婆,婚恋,reject,泛词、上下文碎片、专名或家庭/校园/场景语义漂移
1000,坦诚,0.58014474,973,亲密关系,亲密行为,borderline,存在主题联想但依赖上下文，暂不进入保守自动接收集合
1000,上床,0.58011396,974,接吻,约会,keep,与恋爱、婚恋、亲密、单身或校园恋爱语义直接或稳定相关
1000,丧事,0.58010902,975,婚礼,婚恋,reject,泛词、上下文碎片、专名或家庭/校园/场景语义漂移
1000,内心,0.58003784,976,爱情,表白与追求,reject,泛词、上下文碎片、专名或家庭/校园/场景语义漂移
1000,相互信任,0.57997792,977,亲密关系,亲密行为,keep,与恋爱、婚恋、亲密、单身或校园恋爱语义直接或稳定相关
1000,私房钱,0.57992759,978,老婆,婚恋,keep,与恋爱、婚恋、亲密、单身或校园恋爱语义直接或稳定相关
1000,幸福的人,0.5797787,979,爱情,恋爱核心,borderline,存在主题联想但依赖上下文，暂不进入保守自动接收集合
1000,风花雪月,0.57975324,980,爱情,恋爱核心,keep,与恋爱、婚恋、亲密、单身或校园恋爱语义直接或稳定相关
1000,社会关系,0.57970086,981,亲密关系,对象关系,reject,泛词、上下文碎片、专名或家庭/校园/场景语义漂移
1000,七夕节,0.57967396,982,订婚,对象关系,keep,与恋爱、婚恋、亲密、单身或校园恋爱语义直接或稳定相关
1000,互相照顾,0.57950617,983,情侣,对象关系,keep,与恋爱、婚恋、亲密、单身或校园恋爱语义直接或稳定相关
1000,婚姻状况,0.57946298,984,结婚,婚恋,keep,与恋爱、婚恋、亲密、单身或校园恋爱语义直接或稳定相关
1000,同性恋,0.5794435,985,早恋,对象关系,keep,与恋爱、婚恋、亲密、单身或校园恋爱语义直接或稳定相关
1000,借位,0.57937524,986,接吻,亲密行为,reject,泛词、上下文碎片、专名或家庭/校园/场景语义漂移
1000,人性,0.57936053,987,爱情,恋爱核心,reject,泛词、上下文碎片、专名或家庭/校园/场景语义漂移
1000,少男少女,0.57935541,988,情侣,校园恋爱,borderline,存在主题联想但依赖上下文，暂不进入保守自动接收集合
1000,风衣,0.57931535,989,校服,校园恋爱,reject,泛词、上下文碎片、专名或家庭/校园/场景语义漂移
1000,爱是个,0.57926177,990,爱情,恋爱核心,reject,泛词、上下文碎片、专名或家庭/校园/场景语义漂移
1000,英子,0.5792598,991,丈夫,婚恋,reject,泛词、上下文碎片、专名或家庭/校园/场景语义漂移
1000,男主,0.57924156,992,女朋友,对象关系,reject,泛词、上下文碎片、专名或家庭/校园/场景语义漂移
1000,家庭教育,0.57923281,993,亲密关系,校园恋爱,reject,泛词、上下文碎片、专名或家庭/校园/场景语义漂移
1000,人到中年,0.57918437,994,爱情,社会比较与人生进度,borderline,存在主题联想但依赖上下文，暂不进入保守自动接收集合
1000,走路,0.57915893,995,散步,约会,reject,泛词、上下文碎片、专名或家庭/校园/场景语义漂移
1000,事业,0.57907628,996,爱情,恋爱核心,reject,泛词、上下文碎片、专名或家庭/校园/场景语义漂移
1000,西装,0.57905777,997,校服,校园恋爱,reject,泛词、上下文碎片、专名或家庭/校园/场景语义漂移
1000,二十多岁,0.57899748,998,同龄人,社会比较与人生进度,borderline,存在主题联想但依赖上下文，暂不进入保守自动接收集合
1000,外在,0.57887598,999,追求,表白与追求,borderline,存在主题联想但依赖上下文，暂不进入保守自动接收集合
1000,回家,0.5788218,1000,老婆,婚恋,reject,泛词、上下文碎片、专名或家庭/校园/场景语义漂移
1000,刻骨,0.5786891,1001,初恋,恋爱核心,borderline,存在主题联想但依赖上下文，暂不进入保守自动接收集合
1000,也许,0.57866445,1002,爱情,社会比较与人生进度,reject,泛词、上下文碎片、专名或家庭/校园/场景语义漂移
1000,生日礼物,0.57855982,1003,求婚,婚恋,borderline,存在主题联想但依赖上下文，暂不进入保守自动接收集合
1000,心如,0.57833593,1004,恋情,恋爱核心,reject,泛词、上下文碎片、专名或家庭/校园/场景语义漂移
1000,回忆,0.57830842,1005,青春,恋爱核心,borderline,存在主题联想但依赖上下文，暂不进入保守自动接收集合
1000,遗孀,0.57817314,1006,妻子,婚恋,reject,泛词、上下文碎片、专名或家庭/校园/场景语义漂移
1000,细水长流,0.5781652,1007,爱情,恋爱核心,keep,与恋爱、婚恋、亲密、单身或校园恋爱语义直接或稳定相关
1000,买房,0.57812932,1008,结婚,单身与脱单,borderline,存在主题联想但依赖上下文，暂不进入保守自动接收集合
1000,书包,0.57804842,1009,校服,校园恋爱,borderline,存在主题联想但依赖上下文，暂不进入保守自动接收集合
1000,美好回忆,0.57801859,1010,初恋,恋爱核心,borderline,存在主题联想但依赖上下文，暂不进入保守自动接收集合
1000,幸福生活,0.57791173,1011,爱情,恋爱核心,borderline,存在主题联想但依赖上下文，暂不进入保守自动接收集合
1000,亲切,0.5779084,1012,亲密,亲密行为,reject,泛词、上下文碎片、专名或家庭/校园/场景语义漂移
1000,幼子,0.57788804,1013,妻子,婚恋,reject,泛词、上下文碎片、专名或家庭/校园/场景语义漂移
1000,心爱,0.57786138,1014,恋人,恋爱核心,keep,与恋爱、婚恋、亲密、单身或校园恋爱语义直接或稳定相关
1000,老舅,0.57775931,1015,老婆,婚恋,reject,泛词、上下文碎片、专名或家庭/校园/场景语义漂移
1000,倾心,0.57775424,1016,初恋,表白与追求,keep,与恋爱、婚恋、亲密、单身或校园恋爱语义直接或稳定相关
1000,她俩,0.57771554,1017,情侣,对象关系,reject,泛词、上下文碎片、专名或家庭/校园/场景语义漂移
1000,多情,0.57771049,1018,爱情,恋爱核心,keep,与恋爱、婚恋、亲密、单身或校园恋爱语义直接或稳定相关
1000,进网吧,0.57751836,1019,早恋,校园恋爱,reject,泛词、上下文碎片、专名或家庭/校园/场景语义漂移
1000,短裙,0.57749013,1020,校服,校园恋爱,reject,泛词、上下文碎片、专名或家庭/校园/场景语义漂移
1000,亲如,0.57741342,1021,亲密,亲密行为,reject,泛词、上下文碎片、专名或家庭/校园/场景语义漂移
1000,少女,0.57739229,1022,初恋,社会比较与人生进度,borderline,存在主题联想但依赖上下文，暂不进入保守自动接收集合
1000,小西,0.57733138,1023,男朋友,婚恋,reject,泛词、上下文碎片、专名或家庭/校园/场景语义漂移
1000,六岁,0.57715845,1024,同龄人,社会比较与人生进度,reject,泛词、上下文碎片、专名或家庭/校园/场景语义漂移
1000,进班,0.57714767,1025,同桌,校园恋爱,reject,泛词、上下文碎片、专名或家庭/校园/场景语义漂移
1000,她又,0.57706094,1026,丈夫,婚恋,reject,泛词、上下文碎片、专名或家庭/校园/场景语义漂移
1000,你俩,0.57704898,1027,老婆,对象关系,borderline,存在主题联想但依赖上下文，暂不进入保守自动接收集合
1000,青春活力,0.57702014,1028,青春,社会比较与人生进度,borderline,存在主题联想但依赖上下文，暂不进入保守自动接收集合
1000,坚贞,0.57699982,1029,爱情,恋爱核心,keep,与恋爱、婚恋、亲密、单身或校园恋爱语义直接或稳定相关
1000,短裤,0.57699168,1030,校服,校园恋爱,reject,泛词、上下文碎片、专名或家庭/校园/场景语义漂移
1000,互爱,0.57698345,1031,亲密关系,亲密行为,keep,与恋爱、婚恋、亲密、单身或校园恋爱语义直接或稳定相关
1000,早熟,0.5768404,1032,早恋,社会比较与人生进度,borderline,存在主题联想但依赖上下文，暂不进入保守自动接收集合
1000,未孕,0.5767931,1033,结婚,婚恋,borderline,存在主题联想但依赖上下文，暂不进入保守自动接收集合
1000,考大学,0.57676784,1034,早恋,校园恋爱,reject,泛词、上下文碎片、专名或家庭/校园/场景语义漂移
1000,情场,0.57671481,1035,爱情,恋爱核心,keep,与恋爱、婚恋、亲密、单身或校园恋爱语义直接或稳定相关
1000,直男癌,0.57648007,1036,男朋友,对象关系,borderline,存在主题联想但依赖上下文，暂不进入保守自动接收集合
1000,狂撒,0.57607679,1037,情侣,亲密行为,reject,泛词、上下文碎片、专名或家庭/校园/场景语义漂移
1000,其母,0.57604215,1038,丈夫,婚恋,reject,泛词、上下文碎片、专名或家庭/校园/场景语义漂移
1000,亲戚朋友,0.57597562,1039,老公,婚恋,reject,泛词、上下文碎片、专名或家庭/校园/场景语义漂移
1000,生日,0.57594454,1040,婚礼,婚恋,borderline,存在主题联想但依赖上下文，暂不进入保守自动接收集合
1000,真心,0.575823,1041,爱情,对象关系,keep,与恋爱、婚恋、亲密、单身或校园恋爱语义直接或稳定相关
1000,和好,0.57579069,1042,前男友,恋爱历史,keep,与恋爱、婚恋、亲密、单身或校园恋爱语义直接或稳定相关
1000,永远,0.5757127,1043,青春,社会比较与人生进度,borderline,存在主题联想但依赖上下文，暂不进入保守自动接收集合
1000,上班,0.5755573,1044,老公,婚恋,reject,泛词、上下文碎片、专名或家庭/校园/场景语义漂移
1000,小欧,0.57551785,1045,老公,婚恋,reject,泛词、上下文碎片、专名或家庭/校园/场景语义漂移
1000,待产,0.5754838,1046,老公,婚恋,reject,泛词、上下文碎片、专名或家庭/校园/场景语义漂移
1000,蹉跎岁月,0.57536812,1047,青春,社会比较与人生进度,borderline,存在主题联想但依赖上下文，暂不进入保守自动接收集合
1000,欲望,0.57528011,1048,追求,恋爱核心,borderline,存在主题联想但依赖上下文，暂不进入保守自动接收集合
1000,大姑,0.57523961,1049,老公,婚恋,reject,泛词、上下文碎片、专名或家庭/校园/场景语义漂移
1000,女士,0.57510009,1050,丈夫,婚恋,reject,泛词、上下文碎片、专名或家庭/校园/场景语义漂移
5000,受罪,0.482754,4901,老婆,婚恋,reject,泛词、上下文碎片、专名或家庭/校园/场景语义漂移
5000,看作,0.48275218,4902,对象,社会比较与人生进度,reject,泛词、上下文碎片、专名或家庭/校园/场景语义漂移
5000,还俗,0.48272901,4903,结婚,婚恋,reject,泛词、上下文碎片、专名或家庭/校园/场景语义漂移
5000,你长,0.48272536,4904,女朋友,校园恋爱,reject,泛词、上下文碎片、专名或家庭/校园/场景语义漂移
5000,亲自,0.48271211,4905,妻子,婚恋,reject,泛词、上下文碎片、专名或家庭/校园/场景语义漂移
5000,在校,0.48270942,4906,校服,校园恋爱,reject,泛词、上下文碎片、专名或家庭/校园/场景语义漂移
5000,怯懦,0.48270851,4907,暗恋,社会比较与人生进度,borderline,存在主题联想但依赖上下文，暂不进入保守自动接收集合
5000,大吐苦水,0.48270804,4908,老公,婚恋,reject,泛词、上下文碎片、专名或家庭/校园/场景语义漂移
5000,计划生育,0.48270116,4909,早恋,婚恋,reject,泛词、上下文碎片、专名或家庭/校园/场景语义漂移
5000,年年岁岁,0.48269188,4910,青春,社会比较与人生进度,reject,泛词、上下文碎片、专名或家庭/校园/场景语义漂移
5000,梳着,0.48269016,4911,校服,校园恋爱,reject,泛词、上下文碎片、专名或家庭/校园/场景语义漂移
5000,出镜,0.48268938,4912,婚礼,亲密行为,reject,泛词、上下文碎片、专名或家庭/校园/场景语义漂移
5000,潸然泪下,0.48268844,4913,青春,恋爱核心,reject,泛词、上下文碎片、专名或家庭/校园/场景语义漂移
5000,层面,0.48268752,4914,追求,社会比较与人生进度,reject,泛词、上下文碎片、专名或家庭/校园/场景语义漂移
5000,无原则,0.48266967,4915,亲密关系,对象关系,reject,泛词、上下文碎片、专名或家庭/校园/场景语义漂移
5000,弄假成真,0.48263022,4916,恋人,恋爱核心,borderline,存在主题联想但依赖上下文，暂不进入保守自动接收集合
5000,坐地铁,0.48259882,4917,约会,约会,reject,泛词、上下文碎片、专名或家庭/校园/场景语义漂移
5000,来世,0.48257549,4918,爱情,恋爱核心,borderline,存在主题联想但依赖上下文，暂不进入保守自动接收集合
5000,哭过,0.4825063,4919,暗恋,恋爱核心,borderline,存在主题联想但依赖上下文，暂不进入保守自动接收集合
5000,学习障碍,0.48248787,4920,亲密关系,校园恋爱,reject,泛词、上下文碎片、专名或家庭/校园/场景语义漂移
5000,用爱,0.48245287,4921,青春,亲密行为,reject,泛词、上下文碎片、专名或家庭/校园/场景语义漂移
5000,作为,0.48245236,4922,对象,社会比较与人生进度,reject,泛词、上下文碎片、专名或家庭/校园/场景语义漂移
5000,情分,0.48244687,4923,恋人,恋爱核心,borderline,存在主题联想但依赖上下文，暂不进入保守自动接收集合
5000,扎小辫,0.48243655,4924,校服,校园恋爱,reject,泛词、上下文碎片、专名或家庭/校园/场景语义漂移
5000,争执,0.48243027,4925,亲密关系,婚恋,borderline,存在主题联想但依赖上下文，暂不进入保守自动接收集合
5000,有加,0.48242521,4926,亲密,婚恋,reject,泛词、上下文碎片、专名或家庭/校园/场景语义漂移
5000,穿成,0.4824222,4927,校服,校园恋爱,reject,泛词、上下文碎片、专名或家庭/校园/场景语义漂移
5000,借口,0.4824106,4928,对象,对象关系,reject,泛词、上下文碎片、专名或家庭/校园/场景语义漂移
5000,适龄,0.48239512,4929,对象,单身与脱单,borderline,存在主题联想但依赖上下文，暂不进入保守自动接收集合
5000,生意,0.48238707,4930,老婆,婚恋,reject,泛词、上下文碎片、专名或家庭/校园/场景语义漂移
5000,笑话,0.48237791,4931,老婆,对象关系,reject,泛词、上下文碎片、专名或家庭/校园/场景语义漂移
5000,辞去,0.48236877,4932,前任,婚恋,reject,泛词、上下文碎片、专名或家庭/校园/场景语义漂移
5000,单衣,0.482354,4933,校服,校园恋爱,reject,泛词、上下文碎片、专名或家庭/校园/场景语义漂移
5000,胖哥,0.48234212,4934,老婆,单身与脱单,reject,泛词、上下文碎片、专名或家庭/校园/场景语义漂移
5000,欠债人,0.48233094,4935,妻子,婚恋,reject,泛词、上下文碎片、专名或家庭/校园/场景语义漂移
5000,电影圈,0.48228549,4936,恋情,恋爱核心,reject,泛词、上下文碎片、专名或家庭/校园/场景语义漂移
5000,心地善良,0.48227625,4937,丈夫,婚恋,reject,泛词、上下文碎片、专名或家庭/校园/场景语义漂移
5000,大器晚成,0.48224694,4938,同龄人,社会比较与人生进度,borderline,存在主题联想但依赖上下文，暂不进入保守自动接收集合
5000,善意,0.48222795,4939,亲密关系,亲密行为,reject,泛词、上下文碎片、专名或家庭/校园/场景语义漂移
5000,女人帮,0.48220454,4940,老婆,婚恋,reject,泛词、上下文碎片、专名或家庭/校园/场景语义漂移
5000,苦苦哀求,0.48219504,4941,妻子,婚恋,borderline,存在主题联想但依赖上下文，暂不进入保守自动接收集合
5000,形单影只,0.48217708,4942,牵手,对象关系,keep,与恋爱、婚恋、亲密、单身或校园恋爱语义直接或稳定相关
5000,上帝,0.48216038,4943,爱情,对象关系,reject,泛词、上下文碎片、专名或家庭/校园/场景语义漂移
5000,女流氓,0.48215677,4944,男朋友,校园恋爱,reject,泛词、上下文碎片、专名或家庭/校园/场景语义漂移
5000,要和,0.48214825,4945,女朋友,对象关系,reject,泛词、上下文碎片、专名或家庭/校园/场景语义漂移
5000,偏执狂,0.48212996,4946,追求,表白与追求,borderline,存在主题联想但依赖上下文，暂不进入保守自动接收集合
5000,心理变态,0.48211889,4947,亲密关系,恋爱历史,reject,泛词、上下文碎片、专名或家庭/校园/场景语义漂移
5000,风雨,0.48211273,4948,爱情,恋爱核心,borderline,存在主题联想但依赖上下文，暂不进入保守自动接收集合
5000,道喜,0.48208965,4949,求婚,婚恋,borderline,存在主题联想但依赖上下文，暂不进入保守自动接收集合
5000,哥姐,0.48206592,4950,老公,校园恋爱,reject,泛词、上下文碎片、专名或家庭/校园/场景语义漂移
5000,就定,0.48206561,4951,订婚,婚恋,reject,泛词、上下文碎片、专名或家庭/校园/场景语义漂移
5000,不断前进,0.48205093,4952,追求,社会比较与人生进度,reject,泛词、上下文碎片、专名或家庭/校园/场景语义漂移
5000,研究生,0.48204776,4953,单身,校园恋爱,reject,泛词、上下文碎片、专名或家庭/校园/场景语义漂移
5000,妹儿,0.48203289,4954,女朋友,单身与脱单,reject,泛词、上下文碎片、专名或家庭/校园/场景语义漂移
5000,媒体,0.48199537,4955,恋情,亲密行为,reject,泛词、上下文碎片、专名或家庭/校园/场景语义漂移
5000,冷场,0.48199458,4956,第一次约会,约会,borderline,存在主题联想但依赖上下文，暂不进入保守自动接收集合
5000,表兄弟,0.48198963,4957,订婚,婚恋,reject,泛词、上下文碎片、专名或家庭/校园/场景语义漂移
5000,没话,0.4819635,4958,女朋友,对象关系,reject,泛词、上下文碎片、专名或家庭/校园/场景语义漂移
5000,创造,0.48195107,4959,追求,社会比较与人生进度,reject,泛词、上下文碎片、专名或家庭/校园/场景语义漂移
5000,在读,0.48193545,4960,同龄人,校园恋爱,reject,泛词、上下文碎片、专名或家庭/校园/场景语义漂移
5000,买套,0.481911,4961,结婚,婚恋,reject,泛词、上下文碎片、专名或家庭/校园/场景语义漂移
5000,存款,0.4819046,4962,结婚,婚恋,reject,泛词、上下文碎片、专名或家庭/校园/场景语义漂移
5000,教育者,0.48189895,4963,亲密关系,校园恋爱,reject,泛词、上下文碎片、专名或家庭/校园/场景语义漂移
5000,保镖,0.48189763,4964,老婆,婚恋,reject,泛词、上下文碎片、专名或家庭/校园/场景语义漂移
5000,夜晚,0.48187658,4965,散步,约会,borderline,存在主题联想但依赖上下文，暂不进入保守自动接收集合
5000,毕生,0.48183707,4966,追求,社会比较与人生进度,reject,泛词、上下文碎片、专名或家庭/校园/场景语义漂移
5000,自主性,0.48183276,4967,亲密关系,社会比较与人生进度,reject,泛词、上下文碎片、专名或家庭/校园/场景语义漂移
5000,男式,0.4818167,4968,校服,校园恋爱,reject,泛词、上下文碎片、专名或家庭/校园/场景语义漂移
5000,鱼与熊掌,0.48180662,4969,追求,对象关系,reject,泛词、上下文碎片、专名或家庭/校园/场景语义漂移
5000,语文,0.48180437,4970,同桌,校园恋爱,reject,泛词、上下文碎片、专名或家庭/校园/场景语义漂移
5000,私处,0.48178869,4971,接吻,亲密行为,borderline,存在主题联想但依赖上下文，暂不进入保守自动接收集合
5000,任性,0.48178298,4972,男朋友,社会比较与人生进度,reject,泛词、上下文碎片、专名或家庭/校园/场景语义漂移
5000,女性美,0.48177626,4973,追求,恋爱核心,borderline,存在主题联想但依赖上下文，暂不进入保守自动接收集合
5000,娃子,0.48177223,4974,老婆,校园恋爱,reject,泛词、上下文碎片、专名或家庭/校园/场景语义漂移
5000,浪荡,0.48177217,4975,单身,恋爱核心,borderline,存在主题联想但依赖上下文，暂不进入保守自动接收集合
5000,早安,0.48177087,4976,告白,亲密行为,borderline,存在主题联想但依赖上下文，暂不进入保守自动接收集合
5000,嬉皮笑脸,0.48177001,4977,老婆,校园恋爱,reject,泛词、上下文碎片、专名或家庭/校园/场景语义漂移
5000,变丑,0.48176666,4978,女朋友,恋爱历史,borderline,存在主题联想但依赖上下文，暂不进入保守自动接收集合
5000,捣蛋,0.48176633,4979,早恋,校园恋爱,reject,泛词、上下文碎片、专名或家庭/校园/场景语义漂移
5000,疑神疑鬼,0.48176078,4980,亲密关系,对象关系,borderline,存在主题联想但依赖上下文，暂不进入保守自动接收集合
5000,心形,0.48175684,4981,求婚,对象关系,keep,与恋爱、婚恋、亲密、单身或校园恋爱语义直接或稳定相关
5000,接机,0.48173486,4982,约会,约会,reject,泛词、上下文碎片、专名或家庭/校园/场景语义漂移
5000,界限,0.48172943,4983,亲密关系,亲密行为,borderline,存在主题联想但依赖上下文，暂不进入保守自动接收集合
5000,晃悠,0.48172771,4984,散步,约会,reject,泛词、上下文碎片、专名或家庭/校园/场景语义漂移
5000,受害者,0.48168977,4985,对象,对象关系,reject,泛词、上下文碎片、专名或家庭/校园/场景语义漂移
5000,树林,0.48168657,4986,散步,约会,reject,泛词、上下文碎片、专名或家庭/校园/场景语义漂移
5000,陪护,0.48167996,4987,妻子,婚恋,borderline,存在主题联想但依赖上下文，暂不进入保守自动接收集合
5000,修理工,0.48167583,4988,妻子,婚恋,reject,泛词、上下文碎片、专名或家庭/校园/场景语义漂移
5000,相互之间,0.48166689,4989,亲密,亲密行为,reject,泛词、上下文碎片、专名或家庭/校园/场景语义漂移
5000,那就是,0.48166473,4990,追求,对象关系,reject,泛词、上下文碎片、专名或家庭/校园/场景语义漂移
5000,进取心,0.48165005,4991,追求,社会比较与人生进度,reject,泛词、上下文碎片、专名或家庭/校园/场景语义漂移
5000,凭什么,0.48164444,4992,女朋友,对象关系,reject,泛词、上下文碎片、专名或家庭/校园/场景语义漂移
5000,不上,0.48164206,4993,同龄人,社会比较与人生进度,reject,泛词、上下文碎片、专名或家庭/校园/场景语义漂移
5000,和睦相处,0.48162634,4994,亲密,亲密行为,borderline,存在主题联想但依赖上下文，暂不进入保守自动接收集合
5000,立马,0.48161693,4995,老婆,婚恋,reject,泛词、上下文碎片、专名或家庭/校园/场景语义漂移
5000,车祸,0.4816134,4996,妻子,婚恋,reject,泛词、上下文碎片、专名或家庭/校园/场景语义漂移
5000,终身,0.48160311,4997,伴侣,恋爱核心,keep,与恋爱、婚恋、亲密、单身或校园恋爱语义直接或稳定相关
5000,音乐会,0.48159035,4998,婚礼,约会,borderline,存在主题联想但依赖上下文，暂不进入保守自动接收集合
5000,美眉,0.48158031,4999,约会,约会,borderline,存在主题联想但依赖上下文，暂不进入保守自动接收集合
5000,拉开,0.48155047,5000,落后,社会比较与人生进度,reject,泛词、上下文碎片、专名或家庭/校园/场景语义漂移
