term,length,score,rank,best_seed,best_category,semantic_level
棉衣,2,0.5379158,1946,校服,校园恋爱,3
美感,2,0.51947044,2627,追求,社会比较与人生进度,3
抚慰,2,0.51288582,2948,拥抱,亲密行为,3
现身,2,0.48987932,4335,牵手,亲密行为,2
认同感,3,0.48479219,4739,亲密关系,亲密行为,1
毕竟,2,0.50804895,3211,追求,社会比较与人生进度,2
她俩,2,0.57771554,1017,情侣,对象关系,4
计划生育,4,0.48270116,4909,早恋,婚恋,1
狗血,2,0.56505127,1229,前女友,恋爱历史,4
喜欢,2,0.55109677,1542,追求,表白与追求,3
大学毕业,4,0.60681932,639,结婚,婚恋,4
许愿,2,0.57064931,1117,求婚,表白与追求,4
山盟海誓,4,0.6587435,306,爱情,恋爱核心,5
出门,2,0.55142946,1530,散步,约会,3
离个,2,0.49781172,3792,结婚,婚恋,2
提倡,2,0.50990161,3106,追求,社会比较与人生进度,2
你生,2,0.54384764,1752,老婆,婚恋,3
因爱而生,4,0.51569961,2790,爱情,恋爱核心,3
灵魂,2,0.54992759,1569,青春,社会比较与人生进度,3
被领导者,4,0.48609066,4627,亲密关系,亲密行为,1
朝三暮四,4,0.53108013,2193,爱情,对象关系,3
工友,2,0.5337003,2084,妻子,婚恋,3
跑操,2,0.50820169,3201,校服,校园恋爱,2
伺候,2,0.54705489,1665,老婆,婚恋,3
质问,2,0.52075374,2561,女朋友,婚恋,3
女同事,3,0.6881322,211,男朋友,对象关系,5
懂得,2,0.53946257,1893,爱情,社会比较与人生进度,3
病态,2,0.48774499,4500,亲密关系,社会比较与人生进度,2
情事,2,0.53495041,2036,爱情,恋爱核心,3
陪着,2,0.53191545,2155,散步,婚恋,3
考学,2,0.49568946,3932,早恋,校园恋爱,2
人类,2,0.49907267,3708,伴侣,社会比较与人生进度,2
交友,2,0.55217309,1517,恋爱,单身与脱单,3
综艺节目,4,0.51286434,2951,恋情,恋爱核心,3
该生,2,0.50855805,3181,早恋,校园恋爱,2
联谊,2,0.49283485,4128,约会,单身与脱单,2
女主人,3,0.63053527,465,丈夫,婚恋,5
偶像,2,0.4995701,3683,同龄人,社会比较与人生进度,2
会面,2,0.50835327,3191,约会,约会,2
理直气壮,4,0.48345811,4849,老婆,对象关系,1
美华,2,0.49484679,3996,丈夫,婚恋,2
也许,2,0.57866445,1002,爱情,社会比较与人生进度,4
独生女,3,0.58586822,883,老公,婚恋,4
孤苦伶仃,4,0.49399312,4047,丈夫,婚恋,2
爆出,2,0.50959698,3126,恋情,恋爱历史,2
村里人,3,0.55479517,1442,老婆,婚恋,4
象牙塔,3,0.50314095,3468,青春,社会比较与人生进度,2
想要,2,0.55432864,1455,追求,对象关系,4
亲得,2,0.49010319,4312,接吻,亲密行为,2
大老板,3,0.52729942,2334,老婆,婚恋,3
婚姻大事,4,0.63274004,445,结婚,婚恋,5
自闭症,3,0.49498608,3977,亲密关系,亲密行为,2
自信,2,0.50040967,3637,追求,社会比较与人生进度,2
求爱,2,0.72353253,134,求婚,表白与追求,5
远在他乡,4,0.48603032,4630,恋人,对象关系,1
家庭暴力,4,0.53719735,1974,亲密关系,对象关系,3
停滞不前,4,0.50096339,3591,落后,社会比较与人生进度,2
空想,2,0.48459632,4758,追求,表白与追求,1
睡着,2,0.49010981,4311,老婆,亲密行为,2
所累,2,0.49921542,3702,追求,社会比较与人生进度,2
大办,2,0.5723612,1091,婚礼,婚恋,4
水到渠成,4,0.49641966,3882,牵手,亲密行为,2
总是,2,0.53071158,2206,爱情,社会比较与人生进度,3
忘却,2,0.48449009,4768,初恋,恋爱核心,1
活力,2,0.54164362,1825,青春,社会比较与人生进度,3
知心人,3,0.53524635,2026,伴侣,对象关系,3
魔羯座,3,0.59670556,754,恋人,恋爱核心,4
做自己,3,0.54752438,1647,追求,表白与追求,3
男主角,3,0.54510007,1714,初恋,恋爱核心,3
朋友说,3,0.6371936,421,女朋友,对象关系,5
经历,2,0.48572286,4662,恋爱,社会比较与人生进度,1
外貌,2,0.51719145,2718,同龄人,对象关系,3
亲娘,2,0.54564821,1694,老婆,婚恋,3
发火,2,0.5010179,3589,老婆,婚恋,2
撒娇,2,0.58202391,941,男朋友,对象关系,4
紧密,2,0.51112355,3033,亲密,亲密行为,2
着装,2,0.51999089,2595,校服,约会,3
恶评,2,0.48586766,4647,恋情,恋爱历史,1
妹纸,2,0.60472267,668,男朋友,对象关系,4
自我表现,4,0.56581131,1213,追求,表白与追求,4
心境,2,0.49971696,3672,追求,社会比较与人生进度,2
合体,2,0.49735352,3822,情侣,亲密行为,2
迈进,2,0.49082204,4268,追求,社会比较与人生进度,2
对戏,2,0.51082057,3049,恋情,恋爱核心,2
你家,2,0.49344826,4090,老婆,婚恋,2
购物,2,0.53156945,2171,约会,约会,3
他爷,2,0.48897052,4399,老婆,婚恋,2
死者,2,0.48782141,4489,妻子,婚恋,2
自私,2,0.56649699,1196,爱情,恋爱核心,4
美丽,2,0.54991727,1570,青春,社会比较与人生进度,3
孤独感,3,0.51258274,2964,亲密关系,对象关系,3
职位,2,0.50030217,3643,前任,对象关系,2
领先,2,0.64120706,392,落后,社会比较与人生进度,5
涨粉,2,0.49712701,3832,脱单,单身与脱单,2
相互了解,4,0.54072571,1853,亲密关系,亲密行为,3
唯美,2,0.54031878,1865,青春,表白与追求,3
爆光,2,0.48825039,4455,恋情,恋爱历史,2
同校,2,0.63187937,451,同桌,校园恋爱,5
大女,2,0.49199843,4186,结婚,婚恋,2
淘气,2,0.51030256,3080,早恋,校园恋爱,2
