id,term,normalized_term,length,source,fusion_score,fusion_rank,tencent_score,tencent_rank,bge_score,bge_rank,best_seed,best_category,review_status,rank
1,前男友,前男友,3,tencent_ai_lab_chinese_embedding_light_mirror_mvp,0.99066609,1,0.95952582,6,0.95487571,4,前男友,恋爱历史,reviewed_keep,1
2,前女友,前女友,3,tencent_ai_lab_chinese_embedding_light_mirror_mvp,0.99051115,2,0.96191959,4,0.9500457,5,前女友,恋爱历史,reviewed_keep,2
3,老婆,老婆,2,tencent_ai_lab_chinese_embedding_light_mirror_mvp,0.99023332,3,0.96671963,2,0.94074512,13,老婆,婚恋,reviewed_keep,3
4,恋爱,恋爱,2,tencent_ai_lab_chinese_embedding_light_mirror_mvp,0.98996819,4,0.93890723,15,0.96197116,2,恋爱,恋爱核心,reviewed_keep,4
5,妻子,妻子,2,tencent_ai_lab_chinese_embedding_light_mirror_mvp,0.98989665,5,0.96703861,1,0.93477702,19,妻子,婚恋,reviewed_keep,5
6,丈夫,丈夫,2,tencent_ai_lab_chinese_embedding_light_mirror_mvp,0.98984149,6,0.96635027,3,0.9348222,18,丈夫,婚恋,reviewed_keep,6
7,约会,约会,2,tencent_ai_lab_chinese_embedding_light_mirror_mvp,0.98945397,7,0.93756411,16,0.95536816,3,约会,约会,reviewed_keep,7
8,恋情,恋情,2,tencent_ai_lab_chinese_embedding_light_mirror_mvp,0.98934268,8,0.92644799,24,0.96379173,1,恋情,恋爱核心,reviewed_keep,8
9,男朋友,男朋友,3,tencent_ai_lab_chinese_embedding_light_mirror_mvp,0.98917492,9,0.95656223,7,0.93382657,20,男朋友,对象关系,reviewed_keep,9
10,恋人,恋人,2,tencent_ai_lab_chinese_embedding_light_mirror_mvp,0.98910122,10,0.94397521,10,0.94449329,9,恋人,恋爱核心,reviewed_keep,10
11,女朋友,女朋友,3,tencent_ai_lab_chinese_embedding_light_mirror_mvp,0.98905844,11,0.95994987,5,0.92869103,26,女朋友,对象关系,reviewed_keep,11
12,爱情,爱情,2,tencent_ai_lab_chinese_embedding_light_mirror_mvp,0.98901777,12,0.94012864,14,0.94683266,8,爱情,恋爱核心,reviewed_keep,12
13,结婚,结婚,2,tencent_ai_lab_chinese_embedding_light_mirror_mvp,0.98884003,13,0.943651,11,0.94117951,11,结婚,婚恋,reviewed_keep,13
14,情侣,情侣,2,tencent_ai_lab_chinese_embedding_light_mirror_mvp,0.98848704,14,0.92879524,22,0.94966012,6,情侣,对象关系,reviewed_keep,14
15,订婚,订婚,2,tencent_ai_lab_chinese_embedding_light_mirror_mvp,0.98817748,15,0.9444724,9,0.93058562,25,订婚,婚恋,reviewed_keep,15
16,伴侣,伴侣,2,tencent_ai_lab_chinese_embedding_light_mirror_mvp,0.98771977,16,0.9337019,20,0.93552703,17,伴侣,对象关系,reviewed_keep,16
17,单身,单身,2,tencent_ai_lab_chinese_embedding_light_mirror_mvp,0.98766684,17,0.93700039,17,0.93157816,23,单身,单身与脱单,reviewed_keep,17
18,告白,告白,2,tencent_ai_lab_chinese_embedding_light_mirror_mvp,0.98762228,18,0.95130222,8,0.91701639,31,告白,表白与追求,reviewed_keep,18
19,初恋,初恋,2,tencent_ai_lab_chinese_embedding_light_mirror_mvp,0.9875559,19,0.93633118,19,0.93097651,24,初恋,恋爱核心,reviewed_keep,19
20,亲密关系,亲密关系,4,tencent_ai_lab_chinese_embedding_light_mirror_mvp,0.98752485,20,0.91592385,26,0.94851494,7,亲密关系,亲密行为,reviewed_keep,20
21,表白,表白,2,tencent_ai_lab_chinese_embedding_light_mirror_mvp,0.98739357,21,0.9425822,12,0.92239261,28,表白,表白与追求,reviewed_keep,21
22,婚礼,婚礼,2,tencent_ai_lab_chinese_embedding_light_mirror_mvp,0.98735258,22,0.93290451,21,0.9317534,22,婚礼,婚恋,reviewed_keep,22
23,第一次约会,第一次约会,5,tencent_ai_lab_chinese_embedding_light_mirror_mvp,0.98729072,23,0.92739258,23,0.93574822,16,第一次约会,约会,reviewed_keep,23
24,暗恋,暗恋,2,tencent_ai_lab_chinese_embedding_light_mirror_mvp,0.98713639,24,0.94219704,13,0.91963577,29,暗恋,表白与追求,reviewed_keep,24
25,前任,前任,2,tencent_ai_lab_chinese_embedding_light_mirror_mvp,0.98669246,25,0.91308937,27,0.94105172,12,前任,恋爱历史,reviewed_keep,25
26,求婚,求婚,2,tencent_ai_lab_chinese_embedding_light_mirror_mvp,0.98661835,26,0.93652747,18,0.91898113,30,求婚,婚恋,reviewed_keep,26
27,早恋,早恋,2,tencent_ai_lab_chinese_embedding_light_mirror_mvp,0.98563207,27,0.90824544,28,0.93358994,21,早恋,校园恋爱,reviewed_keep,27
28,亲密,亲密,2,tencent_ai_lab_chinese_embedding_light_mirror_mvp,0.98553102,28,0.90194061,30,0.93786275,15,亲密,亲密行为,reviewed_keep,28
29,青春,青春,2,tencent_ai_lab_chinese_embedding_light_mirror_mvp,0.98495337,29,0.89310684,34,0.93957388,14,青春,社会比较与人生进度,reviewed_keep,29
30,接吻,接吻,2,tencent_ai_lab_chinese_embedding_light_mirror_mvp,0.98434173,30,0.90099597,31,0.92672825,27,接吻,亲密行为,reviewed_keep,30
31,脱单,脱单,2,tencent_ai_lab_chinese_embedding_light_mirror_mvp,0.9841267,31,0.92546068,25,0.90238994,35,脱单,单身与脱单,reviewed_keep,31
32,对象,对象,2,tencent_ai_lab_chinese_embedding_light_mirror_mvp,0.98392618,32,0.87711277,35,0.94300234,10,对象,对象关系,reviewed_keep,32
33,牵手,牵手,2,tencent_ai_lab_chinese_embedding_light_mirror_mvp,0.98082443,33,0.90379534,29,0.89173889,39,牵手,亲密行为,reviewed_keep,33
34,拥抱,拥抱,2,tencent_ai_lab_chinese_embedding_light_mirror_mvp,0.98011591,34,0.89452015,32,0.89455402,37,拥抱,亲密行为,reviewed_keep,34
35,追求,追求,2,tencent_ai_lab_chinese_embedding_light_mirror_mvp,0.97922425,35,0.87148339,37,0.90822423,33,追求,表白与追求,reviewed_keep,35
36,前任女友,前任女友,4,tencent_ai_lab_chinese_embedding_light_mirror_mvp,0.9789075,36,0.87482831,36,0.90287542,34,前女友,恋爱历史,reviewed_keep,36
37,同桌,同桌,2,tencent_ai_lab_chinese_embedding_light_mirror_mvp,0.97816142,37,0.89336903,33,0.88058263,42,同桌,校园恋爱,reviewed_keep,37
38,男友,男友,2,tencent_ai_lab_chinese_embedding_light_mirror_mvp,0.97786283,38,0.8584712,41,0.90967381,32,男朋友,对象关系,reviewed_keep,38
39,同龄人,同龄人,3,tencent_ai_lab_chinese_embedding_light_mirror_mvp,0.97615567,39,0.86271603,39,0.89424312,38,同龄人,社会比较与人生进度,reviewed_keep,39
40,散步,散步,2,tencent_ai_lab_chinese_embedding_light_mirror_mvp,0.97252984,40,0.86934829,38,0.86544704,46,散步,约会,reviewed_keep,40
41,女友,女友,2,tencent_ai_lab_chinese_embedding_light_mirror_mvp,0.97214195,41,0.83992349,44,0.88964283,40,女朋友,对象关系,reviewed_keep,41
42,校服,校服,2,tencent_ai_lab_chinese_embedding_light_mirror_mvp,0.9718809,42,0.8606405,40,0.86965871,44,校服,校园恋爱,reviewed_keep,42
43,谈恋爱,谈恋爱,3,tencent_ai_lab_chinese_embedding_light_mirror_mvp,0.97174244,43,0.8402523,43,0.8870579,41,恋爱,恋爱核心,reviewed_keep,43
44,结婚典礼,结婚典礼,4,tencent_ai_lab_chinese_embedding_light_mirror_mvp,0.96205312,44,0.83131949,46,0.84749925,52,婚礼,婚恋,reviewed_keep,44
45,落后,落后,2,tencent_ai_lab_chinese_embedding_light_mirror_mvp,0.96160859,45,0.82336135,47,0.85277951,50,落后,社会比较与人生进度,reviewed_keep,45
46,结了婚,结了婚,3,tencent_ai_lab_chinese_embedding_light_mirror_mvp,0.95897536,46,0.78585457,67,0.87585682,43,结婚,婚恋,reviewed_keep,46
47,初恋女友,初恋女友,4,tencent_ai_lab_chinese_embedding_light_mirror_mvp,0.95526661,47,0.83315423,45,0.81856954,64,初恋,恋爱历史,reviewed_keep,47
48,男女朋友,男女朋友,4,tencent_ai_lab_chinese_embedding_light_mirror_mvp,0.95340284,48,0.74235528,101,0.89470971,36,男朋友,对象关系,reviewed_keep,48
49,情爱,情爱,2,tencent_ai_lab_chinese_embedding_light_mirror_mvp,0.94494065,49,0.74382007,100,0.86633849,45,爱情,恋爱核心,reviewed_keep,49
50,媳妇,媳妇,2,tencent_ai_lab_chinese_embedding_light_mirror_mvp,0.94460142,50,0.85249555,42,0.76447213,110,老婆,婚恋,reviewed_keep,50
51,同龄,同龄,2,tencent_ai_lab_chinese_embedding_light_mirror_mvp,0.94126701,51,0.76053621,82,0.84038818,53,同龄人,社会比较与人生进度,reviewed_keep,51
52,成婚,成婚,2,tencent_ai_lab_chinese_embedding_light_mirror_mvp,0.9395066,52,0.80351181,52,0.79530555,77,结婚,婚恋,reviewed_keep,52
53,感情,感情,2,tencent_ai_lab_chinese_embedding_light_mirror_mvp,0.93947433,53,0.8134701,50,0.78579795,89,感情史,恋爱核心,reviewed_keep,53
54,亲吻,亲吻,2,tencent_ai_lab_chinese_embedding_light_mirror_mvp,0.93719552,54,0.72434738,133,0.86344588,47,接吻,亲密行为,reviewed_keep,54
55,接吻时,接吻时,3,tencent_ai_lab_chinese_embedding_light_mirror_mvp,0.93239723,55,0.75087056,91,0.82613575,58,接吻,亲密行为,reviewed_keep,55
56,完婚,完婚,2,tencent_ai_lab_chinese_embedding_light_mirror_mvp,0.93175348,56,0.7986048,57,0.77953935,94,结婚,婚恋,reviewed_keep,56
57,手牵手,手牵手,3,tencent_ai_lab_chinese_embedding_light_mirror_mvp,0.93146547,57,0.71355281,153,0.85944879,48,牵手,亲密行为,reviewed_keep,57
58,爱侣,爱侣,2,tencent_ai_lab_chinese_embedding_light_mirror_mvp,0.93102786,58,0.74589969,95,0.82730591,57,情侣,对象关系,reviewed_keep,58
59,婚宴,婚宴,2,tencent_ai_lab_chinese_embedding_light_mirror_mvp,0.92995903,60,0.77407451,71,0.79931056,72,婚礼,婚恋,reviewed_keep,59
60,结过婚,结过婚,3,tencent_ai_lab_chinese_embedding_light_mirror_mvp,0.92975276,61,0.7327032,116,0.83679855,54,结婚,婚恋,reviewed_keep,60
61,婚姻,婚姻,2,tencent_ai_lab_chinese_embedding_light_mirror_mvp,0.92906427,62,0.78624923,66,0.78520679,90,结婚,婚恋,reviewed_keep,61
62,恋爱中,恋爱中,3,tencent_ai_lab_chinese_embedding_light_mirror_mvp,0.92720887,63,0.75608525,86,0.80927145,67,恋爱,恋爱核心,reviewed_keep,62
63,婚后,婚后,2,tencent_ai_lab_chinese_embedding_light_mirror_mvp,0.92253583,64,0.7969579,60,0.75900537,123,结婚,婚恋,reviewed_keep,63
64,夫妻,夫妻,2,tencent_ai_lab_chinese_embedding_light_mirror_mvp,0.92144195,65,0.73020989,123,0.82081413,61,妻子,婚恋,reviewed_keep,64
65,青春岁月,青春岁月,4,tencent_ai_lab_chinese_embedding_light_mirror_mvp,0.92096353,66,0.73026621,122,0.81976426,63,青春,社会比较与人生进度,reviewed_keep,65
66,亲密无间,亲密无间,4,tencent_ai_lab_chinese_embedding_light_mirror_mvp,0.9192794,67,0.75723659,84,0.79138809,84,亲密,亲密行为,reviewed_keep,66
67,相恋,相恋,2,tencent_ai_lab_chinese_embedding_light_mirror_mvp,0.91650925,68,0.75243666,88,0.79015517,86,恋爱,恋爱核心,reviewed_keep,67
68,热恋,热恋,2,tencent_ai_lab_chinese_embedding_light_mirror_mvp,0.91606453,69,0.76729207,77,0.77437013,102,恋爱,恋爱核心,reviewed_keep,68
69,媳妇儿,媳妇儿,3,tencent_ai_lab_chinese_embedding_light_mirror_mvp,0.91261635,70,0.8160691,48,0.71676165,217,妻子,婚恋,reviewed_keep,69
70,前妻,前妻,2,tencent_ai_lab_chinese_embedding_light_mirror_mvp,0.91150571,71,0.79982343,56,0.73145998,174,前任,恋爱历史,reviewed_keep,70
71,男盆友,男盆友,3,tencent_ai_lab_chinese_embedding_light_mirror_mvp,0.91116468,72,0.73780158,108,0.79317617,79,男朋友,对象关系,reviewed_keep,71
72,单身男女,单身男女,4,tencent_ai_lab_chinese_embedding_light_mirror_mvp,0.90902976,74,0.6757159,246,0.84977049,51,单身,单身与脱单,reviewed_keep,72
73,爱人,爱人,2,tencent_ai_lab_chinese_embedding_light_mirror_mvp,0.90720555,75,0.79640616,61,0.72630882,192,恋人,对象关系,reviewed_keep,73
74,婚事,婚事,2,tencent_ai_lab_chinese_embedding_light_mirror_mvp,0.90709961,76,0.74569033,96,0.77860069,95,结婚,婚恋,reviewed_keep,74
75,女票,女票,2,tencent_ai_lab_chinese_embedding_light_mirror_mvp,0.90648138,77,0.79324436,63,0.72829807,184,女朋友,对象关系,reviewed_keep,75
76,两性关系,两性关系,4,tencent_ai_lab_chinese_embedding_light_mirror_mvp,0.90375699,78,0.79755802,59,0.71797943,213,亲密关系,对象关系,reviewed_keep,76
77,校园爱情,校园爱情,4,tencent_ai_lab_chinese_embedding_light_mirror_mvp,0.89900042,80,0.65422907,333,0.85517216,49,校园恋爱,校园恋爱,reviewed_keep,77
78,找对象,找对象,3,tencent_ai_lab_chinese_embedding_light_mirror_mvp,0.89714797,81,0.67877604,235,0.82563579,59,对象,单身与脱单,reviewed_keep,78
79,前夫,前夫,2,tencent_ai_lab_chinese_embedding_light_mirror_mvp,0.89598143,82,0.79823043,58,0.7014342,277,前任,恋爱历史,reviewed_keep,79
80,青春年华,青春年华,4,tencent_ai_lab_chinese_embedding_light_mirror_mvp,0.89446386,83,0.71010051,160,0.79073632,85,青春,社会比较与人生进度,reviewed_keep,80
81,新婚,新婚,2,tencent_ai_lab_chinese_embedding_light_mirror_mvp,0.89331146,84,0.70536141,167,0.79316562,80,结婚,婚恋,reviewed_keep,81
82,亲昵,亲昵,2,tencent_ai_lab_chinese_embedding_light_mirror_mvp,0.89133785,86,0.72051408,140,0.7759726,98,亲密,亲密行为,reviewed_keep,82
83,婚姻关系,婚姻关系,4,tencent_ai_lab_chinese_embedding_light_mirror_mvp,0.89056155,87,0.73660443,113,0.75949824,121,恋爱关系,婚恋,reviewed_keep,83
84,热吻,热吻,2,tencent_ai_lab_chinese_embedding_light_mirror_mvp,0.88803043,88,0.69131339,200,0.79850602,73,接吻,亲密行为,reviewed_keep,84
85,情人,情人,2,tencent_ai_lab_chinese_embedding_light_mirror_mvp,0.88708861,89,0.7626161,79,0.72397476,197,恋人,对象关系,reviewed_keep,85
86,性伴侣,性伴侣,3,tencent_ai_lab_chinese_embedding_light_mirror_mvp,0.88654392,90,0.65756438,311,0.83104277,56,伴侣,对象关系,reviewed_keep,86
87,情史,情史,2,tencent_ai_lab_chinese_embedding_light_mirror_mvp,0.88234771,93,0.69418873,189,0.78728402,88,感情史,恋爱历史,reviewed_keep,87
88,夫妻俩,夫妻俩,3,tencent_ai_lab_chinese_embedding_light_mirror_mvp,0.88005262,95,0.73756527,109,0.7409898,148,妻子,婚恋,reviewed_keep,88
89,感情生活,感情生活,4,tencent_ai_lab_chinese_embedding_light_mirror_mvp,0.8788435,97,0.74853718,92,0.72570992,193,感情史,对象关系,reviewed_keep,89
90,相爱,相爱,2,tencent_ai_lab_chinese_embedding_light_mirror_mvp,0.87782893,98,0.75608575,85,0.71570551,220,爱情,恋爱核心,reviewed_keep,90
91,离婚,离婚,2,tencent_ai_lab_chinese_embedding_light_mirror_mvp,0.87775889,99,0.77629497,70,0.69269252,308,结婚,婚恋,reviewed_keep,91
92,终身伴侣,终身伴侣,4,tencent_ai_lab_chinese_embedding_light_mirror_mvp,0.87765552,100,0.73745008,110,0.73726875,160,伴侣,对象关系,reviewed_keep,92
93,谈婚论嫁,谈婚论嫁,4,tencent_ai_lab_chinese_embedding_light_mirror_mvp,0.87497655,101,0.76115282,80,0.70514047,257,结婚,婚恋,reviewed_keep,93
94,亲嘴,亲嘴,2,tencent_ai_lab_chinese_embedding_light_mirror_mvp,0.87137052,103,0.77138996,74,0.68776542,326,接吻,亲密行为,reviewed_keep,94
95,情感,情感,2,tencent_ai_lab_chinese_embedding_light_mirror_mvp,0.87105199,104,0.7121365,157,0.75516891,128,感情史,恋爱核心,reviewed_keep,95
96,已婚,已婚,2,tencent_ai_lab_chinese_embedding_light_mirror_mvp,0.86982288,106,0.72190039,138,0.74397004,147,结婚,婚恋,reviewed_keep,96
97,青春期,青春期,3,tencent_ai_lab_chinese_embedding_light_mirror_mvp,0.86966957,107,0.64601886,369,0.81992215,62,青春,社会比较与人生进度,reviewed_keep,97
98,未婚,未婚,2,tencent_ai_lab_chinese_embedding_light_mirror_mvp,0.86869553,108,0.73954409,106,0.72055483,207,结婚,婚恋,reviewed_keep,98
99,再婚,再婚,2,tencent_ai_lab_chinese_embedding_light_mirror_mvp,0.86867655,109,0.75846829,83,0.69809556,284,订婚,婚恋,reviewed_keep,99
100,婚姻生活,婚姻生活,4,tencent_ai_lab_chinese_embedding_light_mirror_mvp,0.86672029,110,0.73001295,125,0.72974873,179,结婚,婚恋,reviewed_keep,100
101,婚约,婚约,2,tencent_ai_lab_chinese_embedding_light_mirror_mvp,0.86014555,112,0.68799474,212,0.76400334,112,订婚,婚恋,reviewed_keep,101
102,分手,分手,2,tencent_ai_lab_chinese_embedding_light_mirror_mvp,0.85903804,113,0.77204361,73,0.66690588,425,前任,恋爱历史,reviewed_keep,102
103,结婚证,结婚证,3,tencent_ai_lab_chinese_embedding_light_mirror_mvp,0.85811178,114,0.65743037,312,0.79232943,82,结婚,婚恋,reviewed_keep,103
104,喜欢你,喜欢你,3,tencent_ai_lab_chinese_embedding_light_mirror_mvp,0.85769197,115,0.74139835,103,0.70145357,276,喜欢的人,表白与追求,reviewed_keep,104
105,另一半,另一半,3,tencent_ai_lab_chinese_embedding_light_mirror_mvp,0.85584707,116,0.80333999,53,0.61964947,781,伴侣,对象关系,reviewed_keep,105
106,婚姻恋爱,婚姻恋爱,4,tencent_ai_lab_chinese_embedding_light_mirror_mvp,0.85067397,120,0.62192273,517,0.82429421,60,恋爱,恋爱核心,reviewed_keep,106
107,婚庆,婚庆,2,tencent_ai_lab_chinese_embedding_light_mirror_mvp,0.84862308,125,0.63832455,407,0.8019253,71,婚礼,婚恋,reviewed_keep,107
108,真爱,真爱,2,tencent_ai_lab_chinese_embedding_light_mirror_mvp,0.84388818,130,0.76697161,78,0.64972657,522,恋爱,恋爱核心,reviewed_keep,108
109,好丈夫,好丈夫,3,tencent_ai_lab_chinese_embedding_light_mirror_mvp,0.84383122,131,0.64277837,384,0.79152751,83,丈夫,婚恋,reviewed_keep,109
110,婚讯,婚讯,2,tencent_ai_lab_chinese_embedding_light_mirror_mvp,0.84251407,134,0.74406331,99,0.67627859,377,婚礼,婚恋,reviewed_keep,110
111,示爱,示爱,2,tencent_ai_lab_chinese_embedding_light_mirror_mvp,0.83072503,141,0.80051304,55,0.57064438,1377,表白,表白与追求,reviewed_keep,111
112,婚恋,婚恋,2,tencent_ai_lab_chinese_embedding_light_mirror_mvp,0.83008265,143,0.63831922,408,0.78142214,93,恋爱,恋爱核心,reviewed_keep,112
113,婚房,婚房,2,tencent_ai_lab_chinese_embedding_light_mirror_mvp,0.82524465,149,0.63780369,415,0.77712733,97,结婚,婚恋,reviewed_keep,113
114,结婚登记,结婚登记,4,tencent_ai_lab_chinese_embedding_light_mirror_mvp,0.80605062,170,0.60681353,640,0.7956742,76,结婚,婚恋,reviewed_keep,114
115,同居,同居,2,tencent_ai_lab_chinese_embedding_light_mirror_mvp,0.80526826,171,0.74518422,97,0.62042767,768,同桌,婚恋,reviewed_keep,115
116,领证,领证,2,tencent_ai_lab_chinese_embedding_light_mirror_mvp,0.79340971,185,0.76758029,75,0.54237092,1958,订婚,婚恋,reviewed_keep,116
117,情窦初开,情窦初开,4,tencent_ai_lab_chinese_embedding_light_mirror_mvp,0.7561314,228,0.71581361,146,0.60080481,954,初恋,恋爱历史,reviewed_keep,117
118,白头偕老,白头偕老,4,tencent_ai_lab_chinese_embedding_light_mirror_mvp,0.7102331,303,0.68521934,219,0.60020828,963,告白,婚恋,reviewed_keep,118
119,暧昧,暧昧,2,tencent_ai_lab_chinese_embedding_light_mirror_mvp,0.69776736,316,0.68073964,229,0.59297287,1048,暗恋,亲密行为,reviewed_keep,119
120,甜蜜,甜蜜,2,tencent_ai_lab_chinese_embedding_light_mirror_mvp,0.68125072,340,0.67044239,260,0.59566402,1004,亲密,亲密行为,reviewed_keep,120
121,提亲,提亲,2,tencent_ai_lab_chinese_embedding_light_mirror_mvp,0.67827463,345,0.66791592,272,0.59824854,979,亲密关系,亲密行为,reviewed_keep,121
122,婚姻状况,婚姻状况,4,tencent_ai_lab_chinese_embedding_light_mirror_mvp,0.60948418,477,0.57946298,984,0.69440949,294,结婚,婚恋,reviewed_keep,122
123,怀恋,怀恋,2,tencent_ai_lab_chinese_embedding_light_mirror_mvp,0.60674798,481,0.58153181,951,0.68991113,316,恋情,恋爱核心,reviewed_keep,123
124,如胶似漆,如胶似漆,4,tencent_ai_lab_chinese_embedding_light_mirror_mvp,0.58112259,543,0.66148274,297,0.3955332,4935,亲密,表白与追求,reviewed_keep,124
125,爱不爱,爱不爱,3,tencent_ai_lab_chinese_embedding_light_mirror_mvp,0.57676171,558,0.58098626,961,0.67440826,386,爱情,恋爱核心,reviewed_keep,125
126,相识,相识,2,tencent_ai_lab_chinese_embedding_light_mirror_mvp,0.5737168,568,0.62442307,504,0.59618437,998,对象,对象关系,reviewed_keep,126
127,同性恋,同性恋,3,tencent_ai_lab_chinese_embedding_light_mirror_mvp,0.56186268,603,0.5794435,985,0.66867924,413,恋情,恋爱核心,reviewed_keep,127
128,山盟海誓,山盟海誓,4,tencent_ai_lab_chinese_embedding_light_mirror_mvp,0.5465825,646,0.6587435,306,0.37543684,4983,婚礼,表白与追求,reviewed_keep,128
129,心爱,心爱,2,tencent_ai_lab_chinese_embedding_light_mirror_mvp,0.52970789,691,0.57786138,1014,0.65440452,487,爱情,恋爱核心,reviewed_keep,129
130,贤内助,贤内助,3,tencent_ai_lab_chinese_embedding_light_mirror_mvp,0.5047599,751,0.62964094,468,0.39851004,4917,前男友,恋爱历史,reviewed_keep,130
131,初夜,初夜,2,tencent_ai_lab_chinese_embedding_light_mirror_mvp,0.48400468,820,0.58140652,953,0.62809324,700,初吻,社会比较与人生进度,reviewed_keep,131
132,互爱,互爱,2,tencent_ai_lab_chinese_embedding_light_mirror_mvp,0.48084631,832,0.57698345,1031,0.63239884,655,爱情,恋爱核心,reviewed_keep,132
133,多情,多情,2,tencent_ai_lab_chinese_embedding_light_mirror_mvp,0.47408604,855,0.57771049,1018,0.62845278,695,爱情,恋爱核心,reviewed_keep,133
134,相互信任,相互信任,4,tencent_ai_lab_chinese_embedding_light_mirror_mvp,0.43475004,975,0.57997792,977,0.60759372,895,亲密,亲密行为,reviewed_keep,134
135,情场,情场,2,tencent_ai_lab_chinese_embedding_light_mirror_mvp,0.42423962,1011,0.57671481,1035,0.60710853,900,恋情,恋爱核心,reviewed_keep,135
136,互相照顾,互相照顾,4,tencent_ai_lab_chinese_embedding_light_mirror_mvp,0.41851688,1029,0.57950617,983,0.60053563,958,伴侣,亲密行为,reviewed_keep,136
137,喜糖,喜糖,2,tencent_ai_lab_chinese_embedding_light_mirror_mvp,0.38857788,1135,0.58044801,968,0.50481671,2997,喜欢的人,表白与追求,reviewed_keep,137
138,闹洞房,闹洞房,3,tencent_ai_lab_chinese_embedding_light_mirror_mvp,0.38780184,1140,0.59694781,750,0.38859341,4958,婚礼,亲密行为,reviewed_keep,138
139,光棍,光棍,2,tencent_ai_lab_chinese_embedding_light_mirror_mvp,0.38670429,1143,0.58027663,970,0.52990621,2297,单身,单身与脱单,reviewed_keep,139
140,上床,上床,2,tencent_ai_lab_chinese_embedding_light_mirror_mvp,0.38620516,1146,0.58011396,974,0.46081769,4173,结婚,婚恋,reviewed_keep,140
141,七夕节,七夕节,3,tencent_ai_lab_chinese_embedding_light_mirror_mvp,0.38480313,1161,0.57967396,982,0.50600368,2966,伴侣,对象关系,reviewed_keep,141
142,私房钱,私房钱,3,tencent_ai_lab_chinese_embedding_light_mirror_mvp,0.38433323,1162,0.57992759,978,0.54606295,1855,老公,婚恋,reviewed_keep,142
143,地久天长,地久天长,4,tencent_ai_lab_chinese_embedding_light_mirror_mvp,0.37874462,1180,0.5923154,799,0.39371735,4942,喜欢的人,社会比较与人生进度,reviewed_keep,143
144,倾心,倾心,2,tencent_ai_lab_chinese_embedding_light_mirror_mvp,0.37519225,1192,0.57775424,1016,0.5098353,2857,拥抱,表白与追求,reviewed_keep,144
145,真心,真心,2,tencent_ai_lab_chinese_embedding_light_mirror_mvp,0.37355837,1199,0.575823,1041,0.56487608,1475,亲密,亲密行为,reviewed_keep,145
146,坚贞,坚贞,2,tencent_ai_lab_chinese_embedding_light_mirror_mvp,0.3668967,1230,0.57699982,1029,0.44989401,4391,订婚,表白与追求,reviewed_keep,146
147,和好,和好,2,tencent_ai_lab_chinese_embedding_light_mirror_mvp,0.36664136,1232,0.57579069,1042,0.51537091,2692,伴侣,表白与追求,reviewed_keep,147
148,细水长流,细水长流,4,tencent_ai_lab_chinese_embedding_light_mirror_mvp,0.33579447,1366,0.5781652,1007,0.40730125,4861,亲密,亲密行为,reviewed_keep,148
149,桃色新闻,桃色新闻,4,tencent_ai_lab_chinese_embedding_light_mirror_mvp,0.33003915,1397,0.58635925,878,0.37448168,4986,感情史,恋爱历史,reviewed_keep,149
150,基情,基情,2,tencent_ai_lab_chinese_embedding_light_mirror_mvp,0.32833429,1402,0.54880846,1604,0.60071373,957,感情史,恋爱核心,reviewed_keep,150
151,风花雪月,风花雪月,4,tencent_ai_lab_chinese_embedding_light_mirror_mvp,0.32305424,1428,0.57975324,980,0.38996175,4953,恋人,恋爱核心,reviewed_keep,151
152,浓情,浓情,2,tencent_ai_lab_chinese_embedding_light_mirror_mvp,0.30620389,1503,0.54270048,1790,0.6003722,961,爱情,亲密行为,reviewed_keep,152
153,相互了解,相互了解,4,tencent_ai_lab_chinese_embedding_light_mirror_mvp,0.28719845,1599,0.54072571,1853,0.59418714,1032,对象,社会比较与人生进度,reviewed_keep,153
154,痴情女,痴情女,3,tencent_ai_lab_chinese_embedding_light_mirror_mvp,0.28296982,1620,0.54020119,1869,0.59296709,1049,爱情,恋爱核心,reviewed_keep,154
155,红杏出墙,红杏出墙,4,tencent_ai_lab_chinese_embedding_light_mirror_mvp,0.27308354,1677,0.58118411,958,0.34689131,4997,告白,社会比较与人生进度,reviewed_keep,155
156,搭伙,搭伙,2,tencent_ai_lab_chinese_embedding_light_mirror_mvp,0.14823653,2602,0.49833758,3751,0.60039735,960,伴侣,对象关系,reviewed_keep,156
157,看上,看上,2,tencent_ai_lab_chinese_embedding_light_mirror_mvp,0.10889939,3064,0.48808889,4467,0.59525633,1014,看电影,表白与追求,reviewed_keep,157
158,终身,终身,2,tencent_ai_lab_chinese_embedding_light_mirror_mvp,0.05999956,3875,0.48160311,4997,0.55475843,1665,单身,单身与脱单,reviewed_keep,158
159,形单影只,形单影只,4,tencent_ai_lab_chinese_embedding_light_mirror_mvp,0.05968873,3884,0.48217708,4942,0.55251735,1717,单身,单身与脱单,reviewed_keep,159
160,心形,心形,2,tencent_ai_lab_chinese_embedding_light_mirror_mvp,0.02271601,4799,0.48175684,4981,0.479478,3721,感情史,社会比较与人生进度,reviewed_keep,160
