id,term,normalized_term,length,source,inclusion_route,category,best_seed,tencent_similarity,bge_similarity,source_rank,review_status
1,前男友,前男友,3,tencent_ai_lab_chinese_embedding_light_mirror_mvp,tencent_top5000_bge_fusion_reviewed,恋爱历史,前男友,0.95952582,0.95487571,1,reviewed_keep
2,前女友,前女友,3,tencent_ai_lab_chinese_embedding_light_mirror_mvp,tencent_top5000_bge_fusion_reviewed,恋爱历史,前女友,0.96191959,0.9500457,2,reviewed_keep
3,老婆,老婆,2,tencent_ai_lab_chinese_embedding_light_mirror_mvp,tencent_top5000_bge_fusion_reviewed,婚恋,老婆,0.96671963,0.94074512,3,reviewed_keep
4,恋爱,恋爱,2,tencent_ai_lab_chinese_embedding_light_mirror_mvp,tencent_top5000_bge_fusion_reviewed,恋爱核心,恋爱,0.93890723,0.96197116,4,reviewed_keep
5,妻子,妻子,2,tencent_ai_lab_chinese_embedding_light_mirror_mvp,tencent_top5000_bge_fusion_reviewed,婚恋,妻子,0.96703861,0.93477702,5,reviewed_keep
6,丈夫,丈夫,2,tencent_ai_lab_chinese_embedding_light_mirror_mvp,tencent_top5000_bge_fusion_reviewed,婚恋,丈夫,0.96635027,0.9348222,6,reviewed_keep
7,约会,约会,2,tencent_ai_lab_chinese_embedding_light_mirror_mvp,tencent_top5000_bge_fusion_reviewed,约会,约会,0.93756411,0.95536816,7,reviewed_keep
8,恋情,恋情,2,tencent_ai_lab_chinese_embedding_light_mirror_mvp,tencent_top5000_bge_fusion_reviewed,恋爱核心,恋情,0.92644799,0.96379173,8,reviewed_keep
9,男朋友,男朋友,3,tencent_ai_lab_chinese_embedding_light_mirror_mvp,tencent_top5000_bge_fusion_reviewed,对象关系,男朋友,0.95656223,0.93382657,9,reviewed_keep
10,恋人,恋人,2,tencent_ai_lab_chinese_embedding_light_mirror_mvp,tencent_top5000_bge_fusion_reviewed,恋爱核心,恋人,0.94397521,0.94449329,10,reviewed_keep
11,女朋友,女朋友,3,tencent_ai_lab_chinese_embedding_light_mirror_mvp,tencent_top5000_bge_fusion_reviewed,对象关系,女朋友,0.95994987,0.92869103,11,reviewed_keep
12,爱情,爱情,2,tencent_ai_lab_chinese_embedding_light_mirror_mvp,tencent_top5000_bge_fusion_reviewed,恋爱核心,爱情,0.94012864,0.94683266,12,reviewed_keep
13,结婚,结婚,2,tencent_ai_lab_chinese_embedding_light_mirror_mvp,tencent_top5000_bge_fusion_reviewed,婚恋,结婚,0.943651,0.94117951,13,reviewed_keep
14,情侣,情侣,2,tencent_ai_lab_chinese_embedding_light_mirror_mvp,tencent_top5000_bge_fusion_reviewed,对象关系,情侣,0.92879524,0.94966012,14,reviewed_keep
15,订婚,订婚,2,tencent_ai_lab_chinese_embedding_light_mirror_mvp,tencent_top5000_bge_fusion_reviewed,婚恋,订婚,0.9444724,0.93058562,15,reviewed_keep
16,伴侣,伴侣,2,tencent_ai_lab_chinese_embedding_light_mirror_mvp,tencent_top5000_bge_fusion_reviewed,对象关系,伴侣,0.9337019,0.93552703,16,reviewed_keep
17,单身,单身,2,tencent_ai_lab_chinese_embedding_light_mirror_mvp,tencent_top5000_bge_fusion_reviewed,单身与脱单,单身,0.93700039,0.93157816,17,reviewed_keep
18,告白,告白,2,tencent_ai_lab_chinese_embedding_light_mirror_mvp,tencent_top5000_bge_fusion_reviewed,表白与追求,告白,0.95130222,0.91701639,18,reviewed_keep
19,初恋,初恋,2,tencent_ai_lab_chinese_embedding_light_mirror_mvp,tencent_top5000_bge_fusion_reviewed,恋爱核心,初恋,0.93633118,0.93097651,19,reviewed_keep
20,亲密关系,亲密关系,4,tencent_ai_lab_chinese_embedding_light_mirror_mvp,tencent_top5000_bge_fusion_reviewed,亲密行为,亲密关系,0.91592385,0.94851494,20,reviewed_keep
21,表白,表白,2,tencent_ai_lab_chinese_embedding_light_mirror_mvp,tencent_top5000_bge_fusion_reviewed,表白与追求,表白,0.9425822,0.92239261,21,reviewed_keep
22,婚礼,婚礼,2,tencent_ai_lab_chinese_embedding_light_mirror_mvp,tencent_top5000_bge_fusion_reviewed,婚恋,婚礼,0.93290451,0.9317534,22,reviewed_keep
23,第一次约会,第一次约会,5,tencent_ai_lab_chinese_embedding_light_mirror_mvp,tencent_top5000_bge_fusion_reviewed,约会,第一次约会,0.92739258,0.93574822,23,reviewed_keep
24,暗恋,暗恋,2,tencent_ai_lab_chinese_embedding_light_mirror_mvp,tencent_top5000_bge_fusion_reviewed,表白与追求,暗恋,0.94219704,0.91963577,24,reviewed_keep
25,前任,前任,2,tencent_ai_lab_chinese_embedding_light_mirror_mvp,tencent_top5000_bge_fusion_reviewed,恋爱历史,前任,0.91308937,0.94105172,25,reviewed_keep
26,求婚,求婚,2,tencent_ai_lab_chinese_embedding_light_mirror_mvp,tencent_top5000_bge_fusion_reviewed,婚恋,求婚,0.93652747,0.91898113,26,reviewed_keep
27,早恋,早恋,2,tencent_ai_lab_chinese_embedding_light_mirror_mvp,tencent_top5000_bge_fusion_reviewed,校园恋爱,早恋,0.90824544,0.93358994,27,reviewed_keep
28,亲密,亲密,2,tencent_ai_lab_chinese_embedding_light_mirror_mvp,tencent_top5000_bge_fusion_reviewed,亲密行为,亲密,0.90194061,0.93786275,28,reviewed_keep
29,青春,青春,2,tencent_ai_lab_chinese_embedding_light_mirror_mvp,tencent_top5000_bge_fusion_reviewed,社会比较与人生进度,青春,0.89310684,0.93957388,29,reviewed_keep
30,接吻,接吻,2,tencent_ai_lab_chinese_embedding_light_mirror_mvp,tencent_top5000_bge_fusion_reviewed,亲密行为,接吻,0.90099597,0.92672825,30,reviewed_keep
31,脱单,脱单,2,tencent_ai_lab_chinese_embedding_light_mirror_mvp,tencent_top5000_bge_fusion_reviewed,单身与脱单,脱单,0.92546068,0.90238994,31,reviewed_keep
32,对象,对象,2,tencent_ai_lab_chinese_embedding_light_mirror_mvp,tencent_top5000_bge_fusion_reviewed,对象关系,对象,0.87711277,0.94300234,32,reviewed_keep
33,牵手,牵手,2,tencent_ai_lab_chinese_embedding_light_mirror_mvp,tencent_top5000_bge_fusion_reviewed,亲密行为,牵手,0.90379534,0.89173889,33,reviewed_keep
34,拥抱,拥抱,2,tencent_ai_lab_chinese_embedding_light_mirror_mvp,tencent_top5000_bge_fusion_reviewed,亲密行为,拥抱,0.89452015,0.89455402,34,reviewed_keep
35,追求,追求,2,tencent_ai_lab_chinese_embedding_light_mirror_mvp,tencent_top5000_bge_fusion_reviewed,表白与追求,追求,0.87148339,0.90822423,35,reviewed_keep
36,前任女友,前任女友,4,tencent_ai_lab_chinese_embedding_light_mirror_mvp,tencent_top5000_bge_fusion_reviewed,恋爱历史,前女友,0.87482831,0.90287542,36,reviewed_keep
37,同桌,同桌,2,tencent_ai_lab_chinese_embedding_light_mirror_mvp,tencent_top5000_bge_fusion_reviewed,校园恋爱,同桌,0.89336903,0.88058263,37,reviewed_keep
38,男友,男友,2,tencent_ai_lab_chinese_embedding_light_mirror_mvp,tencent_top5000_bge_fusion_reviewed,对象关系,男朋友,0.8584712,0.90967381,38,reviewed_keep
39,同龄人,同龄人,3,tencent_ai_lab_chinese_embedding_light_mirror_mvp,tencent_top5000_bge_fusion_reviewed,社会比较与人生进度,同龄人,0.86271603,0.89424312,39,reviewed_keep
40,散步,散步,2,tencent_ai_lab_chinese_embedding_light_mirror_mvp,tencent_top5000_bge_fusion_reviewed,约会,散步,0.86934829,0.86544704,40,reviewed_keep
41,女友,女友,2,tencent_ai_lab_chinese_embedding_light_mirror_mvp,tencent_top5000_bge_fusion_reviewed,对象关系,女朋友,0.83992349,0.88964283,41,reviewed_keep
42,校服,校服,2,tencent_ai_lab_chinese_embedding_light_mirror_mvp,tencent_top5000_bge_fusion_reviewed,校园恋爱,校服,0.8606405,0.86965871,42,reviewed_keep
43,谈恋爱,谈恋爱,3,tencent_ai_lab_chinese_embedding_light_mirror_mvp,tencent_top5000_bge_fusion_reviewed,恋爱核心,恋爱,0.8402523,0.8870579,43,reviewed_keep
44,结婚典礼,结婚典礼,4,tencent_ai_lab_chinese_embedding_light_mirror_mvp,tencent_top5000_bge_fusion_reviewed,婚恋,婚礼,0.83131949,0.84749925,44,reviewed_keep
45,落后,落后,2,tencent_ai_lab_chinese_embedding_light_mirror_mvp,tencent_top5000_bge_fusion_reviewed,社会比较与人生进度,落后,0.82336135,0.85277951,45,reviewed_keep
46,结了婚,结了婚,3,tencent_ai_lab_chinese_embedding_light_mirror_mvp,tencent_top5000_bge_fusion_reviewed,婚恋,结婚,0.78585457,0.87585682,46,reviewed_keep
47,初恋女友,初恋女友,4,tencent_ai_lab_chinese_embedding_light_mirror_mvp,tencent_top5000_bge_fusion_reviewed,恋爱历史,初恋,0.83315423,0.81856954,47,reviewed_keep
48,男女朋友,男女朋友,4,tencent_ai_lab_chinese_embedding_light_mirror_mvp,tencent_top5000_bge_fusion_reviewed,对象关系,男朋友,0.74235528,0.89470971,48,reviewed_keep
49,情爱,情爱,2,tencent_ai_lab_chinese_embedding_light_mirror_mvp,tencent_top5000_bge_fusion_reviewed,恋爱核心,爱情,0.74382007,0.86633849,49,reviewed_keep
50,媳妇,媳妇,2,tencent_ai_lab_chinese_embedding_light_mirror_mvp,tencent_top5000_bge_fusion_reviewed,婚恋,老婆,0.85249555,0.76447213,50,reviewed_keep
51,同龄,同龄,2,tencent_ai_lab_chinese_embedding_light_mirror_mvp,tencent_top5000_bge_fusion_reviewed,社会比较与人生进度,同龄人,0.76053621,0.84038818,51,reviewed_keep
52,成婚,成婚,2,tencent_ai_lab_chinese_embedding_light_mirror_mvp,tencent_top5000_bge_fusion_reviewed,婚恋,结婚,0.80351181,0.79530555,52,reviewed_keep
53,感情,感情,2,tencent_ai_lab_chinese_embedding_light_mirror_mvp,tencent_top5000_bge_fusion_reviewed,恋爱核心,感情史,0.8134701,0.78579795,53,reviewed_keep
54,亲吻,亲吻,2,tencent_ai_lab_chinese_embedding_light_mirror_mvp,tencent_top5000_bge_fusion_reviewed,亲密行为,接吻,0.72434738,0.86344588,54,reviewed_keep
55,接吻时,接吻时,3,tencent_ai_lab_chinese_embedding_light_mirror_mvp,tencent_top5000_bge_fusion_reviewed,亲密行为,接吻,0.75087056,0.82613575,55,reviewed_keep
56,完婚,完婚,2,tencent_ai_lab_chinese_embedding_light_mirror_mvp,tencent_top5000_bge_fusion_reviewed,婚恋,结婚,0.7986048,0.77953935,56,reviewed_keep
57,手牵手,手牵手,3,tencent_ai_lab_chinese_embedding_light_mirror_mvp,tencent_top5000_bge_fusion_reviewed,亲密行为,牵手,0.71355281,0.85944879,57,reviewed_keep
58,爱侣,爱侣,2,tencent_ai_lab_chinese_embedding_light_mirror_mvp,tencent_top5000_bge_fusion_reviewed,对象关系,情侣,0.74589969,0.82730591,58,reviewed_keep
59,婚宴,婚宴,2,tencent_ai_lab_chinese_embedding_light_mirror_mvp,tencent_top5000_bge_fusion_reviewed,婚恋,婚礼,0.77407451,0.79931056,60,reviewed_keep
60,结过婚,结过婚,3,tencent_ai_lab_chinese_embedding_light_mirror_mvp,tencent_top5000_bge_fusion_reviewed,婚恋,结婚,0.7327032,0.83679855,61,reviewed_keep
61,婚姻,婚姻,2,tencent_ai_lab_chinese_embedding_light_mirror_mvp,tencent_top5000_bge_fusion_reviewed,婚恋,结婚,0.78624923,0.78520679,62,reviewed_keep
62,恋爱中,恋爱中,3,tencent_ai_lab_chinese_embedding_light_mirror_mvp,tencent_top5000_bge_fusion_reviewed,恋爱核心,恋爱,0.75608525,0.80927145,63,reviewed_keep
63,婚后,婚后,2,tencent_ai_lab_chinese_embedding_light_mirror_mvp,tencent_top5000_bge_fusion_reviewed,婚恋,结婚,0.7969579,0.75900537,64,reviewed_keep
64,夫妻,夫妻,2,tencent_ai_lab_chinese_embedding_light_mirror_mvp,tencent_top5000_bge_fusion_reviewed,婚恋,妻子,0.73020989,0.82081413,65,reviewed_keep
65,青春岁月,青春岁月,4,tencent_ai_lab_chinese_embedding_light_mirror_mvp,tencent_top5000_bge_fusion_reviewed,社会比较与人生进度,青春,0.73026621,0.81976426,66,reviewed_keep
66,亲密无间,亲密无间,4,tencent_ai_lab_chinese_embedding_light_mirror_mvp,tencent_top5000_bge_fusion_reviewed,亲密行为,亲密,0.75723659,0.79138809,67,reviewed_keep
67,相恋,相恋,2,tencent_ai_lab_chinese_embedding_light_mirror_mvp,tencent_top5000_bge_fusion_reviewed,恋爱核心,恋爱,0.75243666,0.79015517,68,reviewed_keep
68,热恋,热恋,2,tencent_ai_lab_chinese_embedding_light_mirror_mvp,tencent_top5000_bge_fusion_reviewed,恋爱核心,恋爱,0.76729207,0.77437013,69,reviewed_keep
69,媳妇儿,媳妇儿,3,tencent_ai_lab_chinese_embedding_light_mirror_mvp,tencent_top5000_bge_fusion_reviewed,婚恋,妻子,0.8160691,0.71676165,70,reviewed_keep
70,前妻,前妻,2,tencent_ai_lab_chinese_embedding_light_mirror_mvp,tencent_top5000_bge_fusion_reviewed,恋爱历史,前任,0.79982343,0.73145998,71,reviewed_keep
71,男盆友,男盆友,3,tencent_ai_lab_chinese_embedding_light_mirror_mvp,tencent_top5000_bge_fusion_reviewed,对象关系,男朋友,0.73780158,0.79317617,72,reviewed_keep
72,单身男女,单身男女,4,tencent_ai_lab_chinese_embedding_light_mirror_mvp,tencent_top5000_bge_fusion_reviewed,单身与脱单,单身,0.6757159,0.84977049,74,reviewed_keep
73,爱人,爱人,2,tencent_ai_lab_chinese_embedding_light_mirror_mvp,tencent_top5000_bge_fusion_reviewed,对象关系,恋人,0.79640616,0.72630882,75,reviewed_keep
74,婚事,婚事,2,tencent_ai_lab_chinese_embedding_light_mirror_mvp,tencent_top5000_bge_fusion_reviewed,婚恋,结婚,0.74569033,0.77860069,76,reviewed_keep
75,女票,女票,2,tencent_ai_lab_chinese_embedding_light_mirror_mvp,tencent_top5000_bge_fusion_reviewed,对象关系,女朋友,0.79324436,0.72829807,77,reviewed_keep
76,两性关系,两性关系,4,tencent_ai_lab_chinese_embedding_light_mirror_mvp,tencent_top5000_bge_fusion_reviewed,对象关系,亲密关系,0.79755802,0.71797943,78,reviewed_keep
77,校园爱情,校园爱情,4,tencent_ai_lab_chinese_embedding_light_mirror_mvp,tencent_top5000_bge_fusion_reviewed,校园恋爱,校园恋爱,0.65422907,0.85517216,80,reviewed_keep
78,找对象,找对象,3,tencent_ai_lab_chinese_embedding_light_mirror_mvp,tencent_top5000_bge_fusion_reviewed,单身与脱单,对象,0.67877604,0.82563579,81,reviewed_keep
79,前夫,前夫,2,tencent_ai_lab_chinese_embedding_light_mirror_mvp,tencent_top5000_bge_fusion_reviewed,恋爱历史,前任,0.79823043,0.7014342,82,reviewed_keep
80,青春年华,青春年华,4,tencent_ai_lab_chinese_embedding_light_mirror_mvp,tencent_top5000_bge_fusion_reviewed,社会比较与人生进度,青春,0.71010051,0.79073632,83,reviewed_keep
81,新婚,新婚,2,tencent_ai_lab_chinese_embedding_light_mirror_mvp,tencent_top5000_bge_fusion_reviewed,婚恋,结婚,0.70536141,0.79316562,84,reviewed_keep
82,亲昵,亲昵,2,tencent_ai_lab_chinese_embedding_light_mirror_mvp,tencent_top5000_bge_fusion_reviewed,亲密行为,亲密,0.72051408,0.7759726,86,reviewed_keep
83,婚姻关系,婚姻关系,4,tencent_ai_lab_chinese_embedding_light_mirror_mvp,tencent_top5000_bge_fusion_reviewed,婚恋,恋爱关系,0.73660443,0.75949824,87,reviewed_keep
84,热吻,热吻,2,tencent_ai_lab_chinese_embedding_light_mirror_mvp,tencent_top5000_bge_fusion_reviewed,亲密行为,接吻,0.69131339,0.79850602,88,reviewed_keep
85,情人,情人,2,tencent_ai_lab_chinese_embedding_light_mirror_mvp,tencent_top5000_bge_fusion_reviewed,对象关系,恋人,0.7626161,0.72397476,89,reviewed_keep
86,性伴侣,性伴侣,3,tencent_ai_lab_chinese_embedding_light_mirror_mvp,tencent_top5000_bge_fusion_reviewed,对象关系,伴侣,0.65756438,0.83104277,90,reviewed_keep
87,情史,情史,2,tencent_ai_lab_chinese_embedding_light_mirror_mvp,tencent_top5000_bge_fusion_reviewed,恋爱历史,感情史,0.69418873,0.78728402,93,reviewed_keep
88,夫妻俩,夫妻俩,3,tencent_ai_lab_chinese_embedding_light_mirror_mvp,tencent_top5000_bge_fusion_reviewed,婚恋,妻子,0.73756527,0.7409898,95,reviewed_keep
89,感情生活,感情生活,4,tencent_ai_lab_chinese_embedding_light_mirror_mvp,tencent_top5000_bge_fusion_reviewed,对象关系,感情史,0.74853718,0.72570992,97,reviewed_keep
90,相爱,相爱,2,tencent_ai_lab_chinese_embedding_light_mirror_mvp,tencent_top5000_bge_fusion_reviewed,恋爱核心,爱情,0.75608575,0.71570551,98,reviewed_keep
91,离婚,离婚,2,tencent_ai_lab_chinese_embedding_light_mirror_mvp,tencent_top5000_bge_fusion_reviewed,婚恋,结婚,0.77629497,0.69269252,99,reviewed_keep
92,终身伴侣,终身伴侣,4,tencent_ai_lab_chinese_embedding_light_mirror_mvp,tencent_top5000_bge_fusion_reviewed,对象关系,伴侣,0.73745008,0.73726875,100,reviewed_keep
93,谈婚论嫁,谈婚论嫁,4,tencent_ai_lab_chinese_embedding_light_mirror_mvp,tencent_top5000_bge_fusion_reviewed,婚恋,结婚,0.76115282,0.70514047,101,reviewed_keep
94,亲嘴,亲嘴,2,tencent_ai_lab_chinese_embedding_light_mirror_mvp,tencent_top5000_bge_fusion_reviewed,亲密行为,接吻,0.77138996,0.68776542,103,reviewed_keep
95,情感,情感,2,tencent_ai_lab_chinese_embedding_light_mirror_mvp,tencent_top5000_bge_fusion_reviewed,恋爱核心,感情史,0.7121365,0.75516891,104,reviewed_keep
96,已婚,已婚,2,tencent_ai_lab_chinese_embedding_light_mirror_mvp,tencent_top5000_bge_fusion_reviewed,婚恋,结婚,0.72190039,0.74397004,106,reviewed_keep
97,青春期,青春期,3,tencent_ai_lab_chinese_embedding_light_mirror_mvp,tencent_top5000_bge_fusion_reviewed,社会比较与人生进度,青春,0.64601886,0.81992215,107,reviewed_keep
98,未婚,未婚,2,tencent_ai_lab_chinese_embedding_light_mirror_mvp,tencent_top5000_bge_fusion_reviewed,婚恋,结婚,0.73954409,0.72055483,108,reviewed_keep
99,再婚,再婚,2,tencent_ai_lab_chinese_embedding_light_mirror_mvp,tencent_top5000_bge_fusion_reviewed,婚恋,订婚,0.75846829,0.69809556,109,reviewed_keep
100,婚姻生活,婚姻生活,4,tencent_ai_lab_chinese_embedding_light_mirror_mvp,tencent_top5000_bge_fusion_reviewed,婚恋,结婚,0.73001295,0.72974873,110,reviewed_keep
101,婚约,婚约,2,tencent_ai_lab_chinese_embedding_light_mirror_mvp,tencent_top5000_bge_fusion_reviewed,婚恋,订婚,0.68799474,0.76400334,112,reviewed_keep
102,分手,分手,2,tencent_ai_lab_chinese_embedding_light_mirror_mvp,tencent_top5000_bge_fusion_reviewed,恋爱历史,前任,0.77204361,0.66690588,113,reviewed_keep
103,结婚证,结婚证,3,tencent_ai_lab_chinese_embedding_light_mirror_mvp,tencent_top5000_bge_fusion_reviewed,婚恋,结婚,0.65743037,0.79232943,114,reviewed_keep
104,喜欢你,喜欢你,3,tencent_ai_lab_chinese_embedding_light_mirror_mvp,tencent_top5000_bge_fusion_reviewed,表白与追求,喜欢的人,0.74139835,0.70145357,115,reviewed_keep
105,另一半,另一半,3,tencent_ai_lab_chinese_embedding_light_mirror_mvp,tencent_top5000_bge_fusion_reviewed,对象关系,伴侣,0.80333999,0.61964947,116,reviewed_keep
106,婚姻恋爱,婚姻恋爱,4,tencent_ai_lab_chinese_embedding_light_mirror_mvp,tencent_top5000_bge_fusion_reviewed,恋爱核心,恋爱,0.62192273,0.82429421,120,reviewed_keep
107,婚庆,婚庆,2,tencent_ai_lab_chinese_embedding_light_mirror_mvp,tencent_top5000_bge_fusion_reviewed,婚恋,婚礼,0.63832455,0.8019253,125,reviewed_keep
108,真爱,真爱,2,tencent_ai_lab_chinese_embedding_light_mirror_mvp,tencent_top5000_bge_fusion_reviewed,恋爱核心,恋爱,0.76697161,0.64972657,130,reviewed_keep
109,好丈夫,好丈夫,3,tencent_ai_lab_chinese_embedding_light_mirror_mvp,tencent_top5000_bge_fusion_reviewed,婚恋,丈夫,0.64277837,0.79152751,131,reviewed_keep
110,婚讯,婚讯,2,tencent_ai_lab_chinese_embedding_light_mirror_mvp,tencent_top5000_bge_fusion_reviewed,婚恋,婚礼,0.74406331,0.67627859,134,reviewed_keep
111,示爱,示爱,2,tencent_ai_lab_chinese_embedding_light_mirror_mvp,tencent_top5000_bge_fusion_reviewed,表白与追求,表白,0.80051304,0.57064438,141,reviewed_keep
112,婚恋,婚恋,2,tencent_ai_lab_chinese_embedding_light_mirror_mvp,tencent_top5000_bge_fusion_reviewed,恋爱核心,恋爱,0.63831922,0.78142214,143,reviewed_keep
113,婚房,婚房,2,tencent_ai_lab_chinese_embedding_light_mirror_mvp,tencent_top5000_bge_fusion_reviewed,婚恋,结婚,0.63780369,0.77712733,149,reviewed_keep
114,结婚登记,结婚登记,4,tencent_ai_lab_chinese_embedding_light_mirror_mvp,tencent_top5000_bge_fusion_reviewed,婚恋,结婚,0.60681353,0.7956742,170,reviewed_keep
115,同居,同居,2,tencent_ai_lab_chinese_embedding_light_mirror_mvp,tencent_top5000_bge_fusion_reviewed,婚恋,同桌,0.74518422,0.62042767,171,reviewed_keep
116,领证,领证,2,tencent_ai_lab_chinese_embedding_light_mirror_mvp,tencent_top5000_bge_fusion_reviewed,婚恋,订婚,0.76758029,0.54237092,185,reviewed_keep
117,情窦初开,情窦初开,4,tencent_ai_lab_chinese_embedding_light_mirror_mvp,tencent_top5000_bge_fusion_reviewed,恋爱历史,初恋,0.71581361,0.60080481,228,reviewed_keep
118,白头偕老,白头偕老,4,tencent_ai_lab_chinese_embedding_light_mirror_mvp,tencent_top5000_bge_fusion_reviewed,婚恋,告白,0.68521934,0.60020828,303,reviewed_keep
119,暧昧,暧昧,2,tencent_ai_lab_chinese_embedding_light_mirror_mvp,tencent_top5000_bge_fusion_reviewed,亲密行为,暗恋,0.68073964,0.59297287,316,reviewed_keep
120,甜蜜,甜蜜,2,tencent_ai_lab_chinese_embedding_light_mirror_mvp,tencent_top5000_bge_fusion_reviewed,亲密行为,亲密,0.67044239,0.59566402,340,reviewed_keep
121,提亲,提亲,2,tencent_ai_lab_chinese_embedding_light_mirror_mvp,tencent_top5000_bge_fusion_reviewed,亲密行为,亲密关系,0.66791592,0.59824854,345,reviewed_keep
122,婚姻状况,婚姻状况,4,tencent_ai_lab_chinese_embedding_light_mirror_mvp,tencent_top5000_bge_fusion_reviewed,婚恋,结婚,0.57946298,0.69440949,477,reviewed_keep
123,怀恋,怀恋,2,tencent_ai_lab_chinese_embedding_light_mirror_mvp,tencent_top5000_bge_fusion_reviewed,恋爱核心,恋情,0.58153181,0.68991113,481,reviewed_keep
124,如胶似漆,如胶似漆,4,tencent_ai_lab_chinese_embedding_light_mirror_mvp,tencent_top5000_bge_fusion_reviewed,表白与追求,亲密,0.66148274,0.3955332,543,reviewed_keep
125,爱不爱,爱不爱,3,tencent_ai_lab_chinese_embedding_light_mirror_mvp,tencent_top5000_bge_fusion_reviewed,恋爱核心,爱情,0.58098626,0.67440826,558,reviewed_keep
126,相识,相识,2,tencent_ai_lab_chinese_embedding_light_mirror_mvp,tencent_top5000_bge_fusion_reviewed,对象关系,对象,0.62442307,0.59618437,568,reviewed_keep
127,同性恋,同性恋,3,tencent_ai_lab_chinese_embedding_light_mirror_mvp,tencent_top5000_bge_fusion_reviewed,恋爱核心,恋情,0.5794435,0.66867924,603,reviewed_keep
128,山盟海誓,山盟海誓,4,tencent_ai_lab_chinese_embedding_light_mirror_mvp,tencent_top5000_bge_fusion_reviewed,表白与追求,婚礼,0.6587435,0.37543684,646,reviewed_keep
129,心爱,心爱,2,tencent_ai_lab_chinese_embedding_light_mirror_mvp,tencent_top5000_bge_fusion_reviewed,恋爱核心,爱情,0.57786138,0.65440452,691,reviewed_keep
130,贤内助,贤内助,3,tencent_ai_lab_chinese_embedding_light_mirror_mvp,tencent_top5000_bge_fusion_reviewed,恋爱历史,前男友,0.62964094,0.39851004,751,reviewed_keep
131,初夜,初夜,2,tencent_ai_lab_chinese_embedding_light_mirror_mvp,tencent_top5000_bge_fusion_reviewed,社会比较与人生进度,初吻,0.58140652,0.62809324,820,reviewed_keep
132,互爱,互爱,2,tencent_ai_lab_chinese_embedding_light_mirror_mvp,tencent_top5000_bge_fusion_reviewed,恋爱核心,爱情,0.57698345,0.63239884,832,reviewed_keep
133,多情,多情,2,tencent_ai_lab_chinese_embedding_light_mirror_mvp,tencent_top5000_bge_fusion_reviewed,恋爱核心,爱情,0.57771049,0.62845278,855,reviewed_keep
134,相互信任,相互信任,4,tencent_ai_lab_chinese_embedding_light_mirror_mvp,tencent_top5000_bge_fusion_reviewed,亲密行为,亲密,0.57997792,0.60759372,975,reviewed_keep
135,情场,情场,2,tencent_ai_lab_chinese_embedding_light_mirror_mvp,tencent_top5000_bge_fusion_reviewed,恋爱核心,恋情,0.57671481,0.60710853,1011,reviewed_keep
136,互相照顾,互相照顾,4,tencent_ai_lab_chinese_embedding_light_mirror_mvp,tencent_top5000_bge_fusion_reviewed,亲密行为,伴侣,0.57950617,0.60053563,1029,reviewed_keep
137,喜糖,喜糖,2,tencent_ai_lab_chinese_embedding_light_mirror_mvp,tencent_top5000_bge_fusion_reviewed,表白与追求,喜欢的人,0.58044801,0.50481671,1135,reviewed_keep
138,闹洞房,闹洞房,3,tencent_ai_lab_chinese_embedding_light_mirror_mvp,tencent_top5000_bge_fusion_reviewed,亲密行为,婚礼,0.59694781,0.38859341,1140,reviewed_keep
139,光棍,光棍,2,tencent_ai_lab_chinese_embedding_light_mirror_mvp,tencent_top5000_bge_fusion_reviewed,单身与脱单,单身,0.58027663,0.52990621,1143,reviewed_keep
140,上床,上床,2,tencent_ai_lab_chinese_embedding_light_mirror_mvp,tencent_top5000_bge_fusion_reviewed,婚恋,结婚,0.58011396,0.46081769,1146,reviewed_keep
141,七夕节,七夕节,3,tencent_ai_lab_chinese_embedding_light_mirror_mvp,tencent_top5000_bge_fusion_reviewed,对象关系,伴侣,0.57967396,0.50600368,1161,reviewed_keep
142,私房钱,私房钱,3,tencent_ai_lab_chinese_embedding_light_mirror_mvp,tencent_top5000_bge_fusion_reviewed,婚恋,老公,0.57992759,0.54606295,1162,reviewed_keep
143,地久天长,地久天长,4,tencent_ai_lab_chinese_embedding_light_mirror_mvp,tencent_top5000_bge_fusion_reviewed,社会比较与人生进度,喜欢的人,0.5923154,0.39371735,1180,reviewed_keep
144,倾心,倾心,2,tencent_ai_lab_chinese_embedding_light_mirror_mvp,tencent_top5000_bge_fusion_reviewed,表白与追求,拥抱,0.57775424,0.5098353,1192,reviewed_keep
145,真心,真心,2,tencent_ai_lab_chinese_embedding_light_mirror_mvp,tencent_top5000_bge_fusion_reviewed,亲密行为,亲密,0.575823,0.56487608,1199,reviewed_keep
146,坚贞,坚贞,2,tencent_ai_lab_chinese_embedding_light_mirror_mvp,tencent_top5000_bge_fusion_reviewed,表白与追求,订婚,0.57699982,0.44989401,1230,reviewed_keep
147,和好,和好,2,tencent_ai_lab_chinese_embedding_light_mirror_mvp,tencent_top5000_bge_fusion_reviewed,表白与追求,伴侣,0.57579069,0.51537091,1232,reviewed_keep
148,细水长流,细水长流,4,tencent_ai_lab_chinese_embedding_light_mirror_mvp,tencent_top5000_bge_fusion_reviewed,亲密行为,亲密,0.5781652,0.40730125,1366,reviewed_keep
149,桃色新闻,桃色新闻,4,tencent_ai_lab_chinese_embedding_light_mirror_mvp,tencent_top5000_bge_fusion_reviewed,恋爱历史,感情史,0.58635925,0.37448168,1397,reviewed_keep
150,基情,基情,2,tencent_ai_lab_chinese_embedding_light_mirror_mvp,tencent_top5000_bge_fusion_reviewed,恋爱核心,感情史,0.54880846,0.60071373,1402,reviewed_keep
151,风花雪月,风花雪月,4,tencent_ai_lab_chinese_embedding_light_mirror_mvp,tencent_top5000_bge_fusion_reviewed,恋爱核心,恋人,0.57975324,0.38996175,1428,reviewed_keep
152,浓情,浓情,2,tencent_ai_lab_chinese_embedding_light_mirror_mvp,tencent_top5000_bge_fusion_reviewed,亲密行为,爱情,0.54270048,0.6003722,1503,reviewed_keep
153,相互了解,相互了解,4,tencent_ai_lab_chinese_embedding_light_mirror_mvp,tencent_top5000_bge_fusion_reviewed,社会比较与人生进度,对象,0.54072571,0.59418714,1599,reviewed_keep
154,痴情女,痴情女,3,tencent_ai_lab_chinese_embedding_light_mirror_mvp,tencent_top5000_bge_fusion_reviewed,恋爱核心,爱情,0.54020119,0.59296709,1620,reviewed_keep
155,红杏出墙,红杏出墙,4,tencent_ai_lab_chinese_embedding_light_mirror_mvp,tencent_top5000_bge_fusion_reviewed,社会比较与人生进度,告白,0.58118411,0.34689131,1677,reviewed_keep
156,搭伙,搭伙,2,tencent_ai_lab_chinese_embedding_light_mirror_mvp,tencent_top5000_bge_fusion_reviewed,对象关系,伴侣,0.49833758,0.60039735,2602,reviewed_keep
157,看上,看上,2,tencent_ai_lab_chinese_embedding_light_mirror_mvp,tencent_top5000_bge_fusion_reviewed,表白与追求,看电影,0.48808889,0.59525633,3064,reviewed_keep
158,终身,终身,2,tencent_ai_lab_chinese_embedding_light_mirror_mvp,tencent_top5000_bge_fusion_reviewed,单身与脱单,单身,0.48160311,0.55475843,3875,reviewed_keep
159,形单影只,形单影只,4,tencent_ai_lab_chinese_embedding_light_mirror_mvp,tencent_top5000_bge_fusion_reviewed,单身与脱单,单身,0.48217708,0.55251735,3884,reviewed_keep
160,心形,心形,2,tencent_ai_lab_chinese_embedding_light_mirror_mvp,tencent_top5000_bge_fusion_reviewed,社会比较与人生进度,感情史,0.48175684,0.479478,4799,reviewed_keep
161,玫瑰,玫瑰,2,tencent_ai_lab_chinese_embedding_light_mirror_mvp,tencent_targeted_expansion_legacy_concept_audit,约会物件与仪式,玫瑰,0.86643677,0.87167435,1,reviewed_keep
162,等车,等车,2,tencent_ai_lab_chinese_embedding_light_mirror_mvp,tencent_targeted_expansion_legacy_concept_audit,校园日常互动,等车,0.81877301,0.8702688,2,reviewed_keep
163,晚霞,晚霞,2,tencent_ai_lab_chinese_embedding_light_mirror_mvp,tencent_targeted_expansion_legacy_concept_audit,青春感官与毕业,晚霞,0.89319719,0.87070987,3,reviewed_keep
164,晨光,晨光,2,tencent_ai_lab_chinese_embedding_light_mirror_mvp,tencent_targeted_expansion_legacy_concept_audit,青春感官与毕业,晨光,0.88527286,0.87592304,4,reviewed_keep
165,篮球场,篮球场,3,tencent_ai_lab_chinese_embedding_light_mirror_mvp,tencent_targeted_expansion_legacy_concept_audit,校园空间与路线,篮球场,0.90830678,0.90543287,5,reviewed_keep
166,纸条,纸条,2,tencent_ai_lab_chinese_embedding_light_mirror_mvp,tencent_targeted_expansion_legacy_concept_audit,纸面心意与暗号,纸条,0.92700241,0.92344322,6,reviewed_keep
167,信封,信封,2,tencent_ai_lab_chinese_embedding_light_mirror_mvp,tencent_targeted_expansion_legacy_concept_audit,纸面心意与暗号,信封,0.92893318,0.91083527,7,reviewed_keep
168,发梢,发梢,2,tencent_ai_lab_chinese_embedding_light_mirror_mvp,tencent_targeted_expansion_legacy_concept_audit,校园外貌与信物,发梢,0.89612267,0.88105659,8,reviewed_keep
169,马尾,马尾,2,tencent_ai_lab_chinese_embedding_light_mirror_mvp,tencent_targeted_expansion_legacy_concept_audit,校园外貌与信物,马尾,0.90539958,0.84726496,9,reviewed_keep
170,奶茶,奶茶,2,tencent_ai_lab_chinese_embedding_light_mirror_mvp,tencent_targeted_expansion_legacy_concept_audit,约会物件与仪式,奶茶,0.85653296,0.84140068,10,reviewed_keep
171,图书馆,图书馆,3,tencent_ai_lab_chinese_embedding_light_mirror_mvp,tencent_targeted_expansion_legacy_concept_audit,校园空间与路线,图书馆,0.90944958,0.88301528,11,reviewed_keep
172,体育馆,体育馆,3,tencent_ai_lab_chinese_embedding_light_mirror_mvp,tencent_targeted_expansion_legacy_concept_audit,校园空间与路线,体育馆,0.90032873,0.89249535,12,reviewed_keep
173,发卡,发卡,2,tencent_ai_lab_chinese_embedding_light_mirror_mvp,tencent_targeted_expansion_legacy_concept_audit,校园外貌与信物,发卡,0.88871717,0.86633561,13,reviewed_keep
174,影院,影院,2,tencent_ai_lab_chinese_embedding_light_mirror_mvp,tencent_targeted_expansion_legacy_concept_audit,约会物件与仪式,电影院,0.78218968,0.7934508,14,reviewed_keep
175,铃声,铃声,2,tencent_ai_lab_chinese_embedding_light_mirror_mvp,tencent_targeted_expansion_legacy_concept_audit,青春感官与毕业,铃声,0.84497373,0.85993292,15,reviewed_keep
176,书信,书信,2,tencent_ai_lab_chinese_embedding_light_mirror_mvp,tencent_targeted_expansion_legacy_concept_audit,纸面心意与暗号,书信,0.90607426,0.91695516,16,reviewed_keep
177,刘海,刘海,2,tencent_ai_lab_chinese_embedding_light_mirror_mvp,tencent_targeted_expansion_legacy_concept_audit,校园外貌与信物,刘海,0.90315261,0.83200663,17,reviewed_keep
178,书签,书签,2,tencent_ai_lab_chinese_embedding_light_mirror_mvp,tencent_targeted_expansion_legacy_concept_audit,纸面心意与暗号,书签,0.91213355,0.89574399,18,reviewed_keep
179,明信片,明信片,3,tencent_ai_lab_chinese_embedding_light_mirror_mvp,tencent_targeted_expansion_legacy_concept_audit,纸面心意与暗号,明信片,0.90709896,0.90392697,19,reviewed_keep
180,酒窝,酒窝,2,tencent_ai_lab_chinese_embedding_light_mirror_mvp,tencent_targeted_expansion_legacy_concept_audit,校园外貌与信物,酒窝,0.86721387,0.83680816,20,reviewed_keep
181,雨伞,雨伞,2,tencent_ai_lab_chinese_embedding_light_mirror_mvp,tencent_targeted_expansion_legacy_concept_audit,青春感官与毕业,雨伞,0.82945547,0.8341696,21,reviewed_keep
182,广播站,广播站,3,tencent_ai_lab_chinese_embedding_light_mirror_mvp,tencent_targeted_expansion_legacy_concept_audit,校园空间与路线,广播站,0.88165267,0.88653529,22,reviewed_keep
183,红脸,红脸,2,tencent_ai_lab_chinese_embedding_light_mirror_mvp,tencent_targeted_expansion_legacy_concept_audit,校园外貌与信物,红脸,0.83438129,0.83574874,24,reviewed_keep
184,林荫道,林荫道,3,tencent_ai_lab_chinese_embedding_light_mirror_mvp,tencent_targeted_expansion_legacy_concept_audit,校园空间与路线,林荫道,0.90142593,0.83074213,25,reviewed_keep
185,暗号,暗号,2,tencent_ai_lab_chinese_embedding_light_mirror_mvp,tencent_targeted_expansion_legacy_concept_audit,纸面心意与暗号,暗号,0.85084863,0.84888687,27,reviewed_keep
186,小卖部,小卖部,3,tencent_ai_lab_chinese_embedding_light_mirror_mvp,tencent_targeted_expansion_legacy_concept_audit,校园空间与路线,小卖部,0.89700438,0.83869481,28,reviewed_keep
187,看台,看台,2,tencent_ai_lab_chinese_embedding_light_mirror_mvp,tencent_targeted_expansion_legacy_concept_audit,校园空间与路线,看台,0.86865762,0.87752941,29,reviewed_keep
188,公交站,公交站,3,tencent_ai_lab_chinese_embedding_light_mirror_mvp,tencent_targeted_expansion_legacy_concept_audit,校园空间与路线,公交站,0.873998,0.87167947,30,reviewed_keep
189,走廊,走廊,2,tencent_ai_lab_chinese_embedding_light_mirror_mvp,tencent_targeted_expansion_legacy_concept_audit,校园空间与路线,走廊,0.89121139,0.85016508,31,reviewed_keep
190,晨曦,晨曦,2,tencent_ai_lab_chinese_embedding_light_mirror_mvp,tencent_targeted_expansion_legacy_concept_audit,青春感官与毕业,晨光,0.77536881,0.72533036,32,reviewed_keep
191,朝霞,朝霞,2,tencent_ai_lab_chinese_embedding_light_mirror_mvp,tencent_targeted_expansion_legacy_concept_audit,青春感官与毕业,晚霞,0.80689864,0.70546465,33,reviewed_keep
192,公交车站,公交车站,4,tencent_ai_lab_chinese_embedding_light_mirror_mvp,tencent_targeted_expansion_legacy_concept_audit,校园空间与路线,公交站,0.82384413,0.85040723,34,reviewed_keep
193,儿童乐园,儿童乐园,4,tencent_ai_lab_chinese_embedding_light_mirror_mvp,tencent_targeted_expansion_legacy_concept_audit,约会物件与仪式,游乐园,0.6800125,0.71311471,37,reviewed_keep
194,一封信,一封信,3,tencent_ai_lab_chinese_embedding_light_mirror_mvp,tencent_targeted_expansion_legacy_concept_audit,纸面心意与暗号,书信,0.77139878,0.75846996,38,reviewed_keep
195,信件,信件,2,tencent_ai_lab_chinese_embedding_light_mirror_mvp,tencent_targeted_expansion_legacy_concept_audit,纸面心意与暗号,书信,0.83607571,0.73195052,39,reviewed_keep
196,新年礼物,新年礼物,4,tencent_ai_lab_chinese_embedding_light_mirror_mvp,tencent_targeted_expansion_legacy_concept_audit,约会物件与仪式,礼物,0.74175353,0.65890822,40,reviewed_keep
197,发丝,发丝,2,tencent_ai_lab_chinese_embedding_light_mirror_mvp,tencent_targeted_expansion_legacy_concept_audit,校园外貌与信物,发梢,0.81769361,0.65387299,41,reviewed_keep
198,信笺,信笺,2,tencent_ai_lab_chinese_embedding_light_mirror_mvp,tencent_targeted_expansion_legacy_concept_audit,纸面心意与暗号,书信,0.78412645,0.7282588,43,reviewed_keep
199,霞光,霞光,2,tencent_ai_lab_chinese_embedding_light_mirror_mvp,tencent_targeted_expansion_legacy_concept_audit,青春感官与毕业,晚霞,0.72125254,0.69090393,44,reviewed_keep
200,合影留念,合影留念,4,tencent_ai_lab_chinese_embedding_light_mirror_mvp,tencent_targeted_expansion_legacy_concept_audit,校园日常互动,合照,0.5797137,0.63413517,45,reviewed_keep
201,乐园,乐园,2,tencent_ai_lab_chinese_embedding_light_mirror_mvp,tencent_targeted_expansion_legacy_concept_audit,约会物件与仪式,游乐园,0.65183904,0.76304278,46,reviewed_keep
202,纪念,纪念,2,tencent_ai_lab_chinese_embedding_light_mirror_mvp,tencent_targeted_expansion_legacy_concept_audit,约会物件与仪式,纪念日,0.6487639,0.79193745,48,reviewed_keep
203,发夹,发夹,2,tencent_ai_lab_chinese_embedding_light_mirror_mvp,tencent_targeted_expansion_legacy_concept_audit,校园外貌与信物,发卡,0.72846066,0.66562114,49,reviewed_keep
204,彩霞,彩霞,2,tencent_ai_lab_chinese_embedding_light_mirror_mvp,tencent_targeted_expansion_legacy_concept_audit,青春感官与毕业,晚霞,0.70067865,0.69944086,50,reviewed_keep
205,系扣,系扣,2,tencent_ai_lab_chinese_embedding_light_mirror_mvp,tencent_targeted_expansion_legacy_concept_audit,校园外貌与信物,纽扣,0.69508538,0.67293713,51,reviewed_keep
206,写信,写信,2,tencent_ai_lab_chinese_embedding_light_mirror_mvp,tencent_targeted_expansion_legacy_concept_audit,纸面心意与暗号,书信,0.72695844,0.76486804,52,reviewed_keep
207,发根,发根,2,tencent_ai_lab_chinese_embedding_light_mirror_mvp,tencent_targeted_expansion_legacy_concept_audit,校园外貌与信物,发梢,0.69066371,0.67768669,53,reviewed_keep
208,字条,字条,2,tencent_ai_lab_chinese_embedding_light_mirror_mvp,tencent_targeted_expansion_legacy_concept_audit,纸面心意与暗号,纸条,0.8535953,0.71342542,54,reviewed_keep
209,头发,头发,2,tencent_ai_lab_chinese_embedding_light_mirror_mvp,tencent_targeted_expansion_legacy_concept_audit,校园外貌与信物,发梢,0.75905402,0.64304584,56,reviewed_keep
210,图书室,图书室,3,tencent_ai_lab_chinese_embedding_light_mirror_mvp,tencent_targeted_expansion_legacy_concept_audit,校园空间与路线,图书馆,0.72153635,0.80711247,57,reviewed_keep
211,运动场,运动场,3,tencent_ai_lab_chinese_embedding_light_mirror_mvp,tencent_targeted_expansion_legacy_concept_audit,校园空间与路线,操场,0.76165987,0.74775243,58,reviewed_keep
212,美照,美照,2,tencent_ai_lab_chinese_embedding_light_mirror_mvp,tencent_targeted_expansion_legacy_concept_audit,校园日常互动,合照,0.58383749,0.61444659,60,reviewed_keep
213,彩霞满天,彩霞满天,4,tencent_ai_lab_chinese_embedding_light_mirror_mvp,tencent_targeted_expansion_legacy_concept_audit,青春感官与毕业,晚霞,0.73898644,0.62711816,61,reviewed_keep
214,按扣,按扣,2,tencent_ai_lab_chinese_embedding_light_mirror_mvp,tencent_targeted_expansion_legacy_concept_audit,校园外貌与信物,纽扣,0.68092723,0.66992815,62,reviewed_keep
215,额发,额发,2,tencent_ai_lab_chinese_embedding_light_mirror_mvp,tencent_targeted_expansion_legacy_concept_audit,校园外貌与信物,发梢,0.69839487,0.65026821,63,reviewed_keep
216,小卖店,小卖店,3,tencent_ai_lab_chinese_embedding_light_mirror_mvp,tencent_targeted_expansion_legacy_concept_audit,校园空间与路线,小卖部,0.82837389,0.71434184,64,reviewed_keep
217,送别,送别,2,tencent_ai_lab_chinese_embedding_light_mirror_mvp,tencent_targeted_expansion_legacy_concept_audit,青春感官与毕业,离别,0.64884015,0.70660492,67,reviewed_keep
218,礼盒,礼盒,2,tencent_ai_lab_chinese_embedding_light_mirror_mvp,tencent_targeted_expansion_legacy_concept_audit,约会物件与仪式,礼物,0.64441998,0.72139267,68,reviewed_keep
219,发际,发际,2,tencent_ai_lab_chinese_embedding_light_mirror_mvp,tencent_targeted_expansion_legacy_concept_audit,校园外貌与信物,发梢,0.66509527,0.69521067,69,reviewed_keep
220,球场,球场,2,tencent_ai_lab_chinese_embedding_light_mirror_mvp,tencent_targeted_expansion_legacy_concept_audit,校园空间与路线,篮球场,0.68571563,0.81572715,70,reviewed_keep
221,惜别,惜别,2,tencent_ai_lab_chinese_embedding_light_mirror_mvp,tencent_targeted_expansion_legacy_concept_audit,青春感官与毕业,离别,0.67471058,0.65213132,71,reviewed_keep
222,后座,后座,2,tencent_ai_lab_chinese_embedding_light_mirror_mvp,tencent_targeted_expansion_legacy_concept_audit,校园日常互动,等车,0.55149931,0.63033046,72,reviewed_keep
223,晨露,晨露,2,tencent_ai_lab_chinese_embedding_light_mirror_mvp,tencent_targeted_expansion_legacy_concept_audit,青春感官与毕业,晨光,0.67073584,0.67073553,73,reviewed_keep
224,体育场,体育场,3,tencent_ai_lab_chinese_embedding_light_mirror_mvp,tencent_targeted_expansion_legacy_concept_audit,校园空间与路线,体育馆,0.69295535,0.80632032,76,reviewed_keep
225,发髻,发髻,2,tencent_ai_lab_chinese_embedding_light_mirror_mvp,tencent_targeted_expansion_legacy_concept_audit,校园外貌与信物,马尾,0.68909109,0.6491058,77,reviewed_keep
226,足球场,足球场,3,tencent_ai_lab_chinese_embedding_light_mirror_mvp,tencent_targeted_expansion_legacy_concept_audit,校园空间与路线,篮球场,0.72383683,0.71635361,80,reviewed_keep
227,日记,日记,2,tencent_ai_lab_chinese_embedding_light_mirror_mvp,tencent_targeted_expansion_legacy_concept_audit,纸面心意与暗号,日记本,0.73735013,0.71204629,85,reviewed_keep
228,暗扣,暗扣,2,tencent_ai_lab_chinese_embedding_light_mirror_mvp,tencent_targeted_expansion_legacy_concept_audit,校园外貌与信物,纽扣,0.66855446,0.65686831,86,reviewed_keep
229,秀发,秀发,2,tencent_ai_lab_chinese_embedding_light_mirror_mvp,tencent_targeted_expansion_legacy_concept_audit,校园外貌与信物,发梢,0.74508972,0.59566019,87,reviewed_keep
230,卷发,卷发,2,tencent_ai_lab_chinese_embedding_light_mirror_mvp,tencent_targeted_expansion_legacy_concept_audit,校园外貌与信物,马尾,0.75146863,0.58605294,89,reviewed_keep
231,来信,来信,2,tencent_ai_lab_chinese_embedding_light_mirror_mvp,tencent_targeted_expansion_legacy_concept_audit,纸面心意与暗号,书信,0.6880358,0.72103233,90,reviewed_keep
232,暮色,暮色,2,tencent_ai_lab_chinese_embedding_light_mirror_mvp,tencent_targeted_expansion_legacy_concept_audit,青春感官与毕业,晚霞,0.75433199,0.5593698,91,reviewed_keep
233,信函,信函,2,tencent_ai_lab_chinese_embedding_light_mirror_mvp,tencent_targeted_expansion_legacy_concept_audit,纸面心意与暗号,书信,0.73576528,0.70936292,92,reviewed_keep
234,观众台,观众台,3,tencent_ai_lab_chinese_embedding_light_mirror_mvp,tencent_targeted_expansion_legacy_concept_audit,校园空间与路线,看台,0.69157772,0.74327686,93,reviewed_keep
235,拍照,拍照,2,tencent_ai_lab_chinese_embedding_light_mirror_mvp,tencent_targeted_expansion_legacy_concept_audit,校园日常互动,合照,0.53934308,0.62569647,94,reviewed_keep
236,纸片,纸片,2,tencent_ai_lab_chinese_embedding_light_mirror_mvp,tencent_targeted_expansion_legacy_concept_audit,纸面心意与暗号,纸条,0.69890795,0.7173408,96,reviewed_keep
237,放映厅,放映厅,3,tencent_ai_lab_chinese_embedding_light_mirror_mvp,tencent_targeted_expansion_legacy_concept_audit,约会物件与仪式,电影院,0.71370646,0.57051338,97,reviewed_keep
238,寄信,寄信,2,tencent_ai_lab_chinese_embedding_light_mirror_mvp,tencent_targeted_expansion_legacy_concept_audit,纸面心意与暗号,明信片,0.68427618,0.7217207,98,reviewed_keep
239,长廊,长廊,2,tencent_ai_lab_chinese_embedding_light_mirror_mvp,tencent_targeted_expansion_legacy_concept_audit,校园空间与路线,走廊,0.717027,0.70412529,99,reviewed_keep
240,电影城,电影城,3,tencent_ai_lab_chinese_embedding_light_mirror_mvp,tencent_targeted_expansion_legacy_concept_audit,约会物件与仪式,电影院,0.64061773,0.6581153,101,reviewed_keep
241,阅览室,阅览室,3,tencent_ai_lab_chinese_embedding_light_mirror_mvp,tencent_targeted_expansion_legacy_concept_audit,校园空间与路线,图书馆,0.77041695,0.64987144,102,reviewed_keep
242,直发,直发,2,tencent_ai_lab_chinese_embedding_light_mirror_mvp,tencent_targeted_expansion_legacy_concept_audit,校园外貌与信物,马尾,0.68428955,0.6264887,103,reviewed_keep
243,游乐区,游乐区,3,tencent_ai_lab_chinese_embedding_light_mirror_mvp,tencent_targeted_expansion_legacy_concept_audit,约会物件与仪式,游乐园,0.63249642,0.6747462,104,reviewed_keep
244,廊道,廊道,2,tencent_ai_lab_chinese_embedding_light_mirror_mvp,tencent_targeted_expansion_legacy_concept_audit,校园空间与路线,走廊,0.70518526,0.71244568,106,reviewed_keep
245,生活照,生活照,3,tencent_ai_lab_chinese_embedding_light_mirror_mvp,tencent_targeted_expansion_legacy_concept_audit,校园日常互动,合照,0.53748777,0.62233814,107,reviewed_keep
246,大头照,大头照,3,tencent_ai_lab_chinese_embedding_light_mirror_mvp,tencent_targeted_expansion_legacy_concept_audit,校园日常互动,合照,0.59591391,0.53477094,110,reviewed_keep
247,照相,照相,2,tencent_ai_lab_chinese_embedding_light_mirror_mvp,tencent_targeted_expansion_legacy_concept_audit,校园日常互动,合照,0.50761806,0.64875845,111,reviewed_keep
248,脸颊,脸颊,2,tencent_ai_lab_chinese_embedding_light_mirror_mvp,tencent_targeted_expansion_legacy_concept_audit,校园外貌与信物,发梢,0.67209334,0.62903948,112,reviewed_keep
249,影剧院,影剧院,3,tencent_ai_lab_chinese_embedding_light_mirror_mvp,tencent_targeted_expansion_legacy_concept_audit,约会物件与仪式,电影院,0.6106301,0.73466425,114,reviewed_keep
250,夜色,夜色,2,tencent_ai_lab_chinese_embedding_light_mirror_mvp,tencent_targeted_expansion_legacy_concept_audit,青春感官与毕业,晨光,0.68699343,0.56159289,115,reviewed_keep
251,落日,落日,2,tencent_ai_lab_chinese_embedding_light_mirror_mvp,tencent_targeted_expansion_legacy_concept_audit,青春感官与毕业,晚霞,0.77474777,0.50445226,121,reviewed_keep
252,回信,回信,2,tencent_ai_lab_chinese_embedding_light_mirror_mvp,tencent_targeted_expansion_legacy_concept_audit,纸面心意与暗号,书信,0.74432385,0.68885448,123,reviewed_keep
253,鲜花,鲜花,2,tencent_ai_lab_chinese_embedding_light_mirror_mvp,tencent_targeted_expansion_legacy_concept_audit,约会物件与仪式,玫瑰,0.65325108,0.60608302,124,reviewed_keep
254,密信,密信,2,tencent_ai_lab_chinese_embedding_light_mirror_mvp,tencent_targeted_expansion_legacy_concept_audit,纸面心意与暗号,书信,0.7498615,0.68073615,127,reviewed_keep
255,送礼,送礼,2,tencent_ai_lab_chinese_embedding_light_mirror_mvp,tencent_targeted_expansion_legacy_concept_audit,约会物件与仪式,礼物,0.60958295,0.73145274,129,reviewed_keep
256,脸型,脸型,2,tencent_ai_lab_chinese_embedding_light_mirror_mvp,tencent_targeted_expansion_legacy_concept_audit,校园外貌与信物,刘海,0.68357058,0.59690801,130,reviewed_keep
257,日落,日落,2,tencent_ai_lab_chinese_embedding_light_mirror_mvp,tencent_targeted_expansion_legacy_concept_audit,青春感官与毕业,晚霞,0.68653834,0.5355222,133,reviewed_keep
258,便条,便条,2,tencent_ai_lab_chinese_embedding_light_mirror_mvp,tencent_targeted_expansion_legacy_concept_audit,纸面心意与暗号,纸条,0.7762158,0.63221204,134,reviewed_keep
259,微光,微光,2,tencent_ai_lab_chinese_embedding_light_mirror_mvp,tencent_targeted_expansion_legacy_concept_audit,青春感官与毕业,晨光,0.64015017,0.62276651,139,reviewed_keep
260,发质,发质,2,tencent_ai_lab_chinese_embedding_light_mirror_mvp,tencent_targeted_expansion_legacy_concept_audit,校园外貌与信物,发梢,0.62373416,0.65848927,141,reviewed_keep
261,纸卷,纸卷,2,tencent_ai_lab_chinese_embedding_light_mirror_mvp,tencent_targeted_expansion_legacy_concept_audit,纸面心意与暗号,信封,0.69484404,0.69957738,142,reviewed_keep
262,梳发,梳发,2,tencent_ai_lab_chinese_embedding_light_mirror_mvp,tencent_targeted_expansion_legacy_concept_audit,校园外貌与信物,发梢,0.64278512,0.6388134,143,reviewed_keep
263,橡皮筋,橡皮筋,3,tencent_ai_lab_chinese_embedding_light_mirror_mvp,tencent_targeted_expansion_legacy_concept_audit,校园外貌与信物,马尾,0.60250704,0.68272402,144,reviewed_keep
264,主题乐园,主题乐园,4,tencent_ai_lab_chinese_embedding_light_mirror_mvp,tencent_targeted_expansion_legacy_concept_audit,约会物件与仪式,游乐园,0.62848277,0.64744217,145,reviewed_keep
265,夜幕,夜幕,2,tencent_ai_lab_chinese_embedding_light_mirror_mvp,tencent_targeted_expansion_legacy_concept_audit,青春感官与毕业,晨光,0.67192013,0.54714274,146,reviewed_keep
266,远别,远别,2,tencent_ai_lab_chinese_embedding_light_mirror_mvp,tencent_targeted_expansion_legacy_concept_audit,青春感官与毕业,离别,0.60849215,0.68244807,154,reviewed_keep
267,信中,信中,2,tencent_ai_lab_chinese_embedding_light_mirror_mvp,tencent_targeted_expansion_legacy_concept_audit,纸面心意与暗号,书信,0.69394171,0.69223909,155,reviewed_keep
268,留影,留影,2,tencent_ai_lab_chinese_embedding_light_mirror_mvp,tencent_targeted_expansion_legacy_concept_audit,校园日常互动,合照,0.50879333,0.62818103,156,reviewed_keep
269,游乐,游乐,2,tencent_ai_lab_chinese_embedding_light_mirror_mvp,tencent_targeted_expansion_legacy_concept_audit,约会物件与仪式,游乐园,0.60692298,0.70187207,159,reviewed_keep
270,戏院,戏院,2,tencent_ai_lab_chinese_embedding_light_mirror_mvp,tencent_targeted_expansion_legacy_concept_audit,约会物件与仪式,电影院,0.62521127,0.63944438,160,reviewed_keep
271,影城,影城,2,tencent_ai_lab_chinese_embedding_light_mirror_mvp,tencent_targeted_expansion_legacy_concept_audit,约会物件与仪式,电影院,0.65065897,0.58855418,161,reviewed_keep
272,纸张,纸张,2,tencent_ai_lab_chinese_embedding_light_mirror_mvp,tencent_targeted_expansion_legacy_concept_audit,纸面心意与暗号,信封,0.62232337,0.75714023,162,reviewed_keep
273,鬓发,鬓发,2,tencent_ai_lab_chinese_embedding_light_mirror_mvp,tencent_targeted_expansion_legacy_concept_audit,校园外貌与信物,发梢,0.66551828,0.59717569,163,reviewed_keep
274,发卷,发卷,2,tencent_ai_lab_chinese_embedding_light_mirror_mvp,tencent_targeted_expansion_legacy_concept_audit,校园外貌与信物,发梢,0.62219174,0.64498429,167,reviewed_keep
275,日光,日光,2,tencent_ai_lab_chinese_embedding_light_mirror_mvp,tencent_targeted_expansion_legacy_concept_audit,青春感官与毕业,晨光,0.60770315,0.68036811,168,reviewed_keep
276,田径场,田径场,3,tencent_ai_lab_chinese_embedding_light_mirror_mvp,tencent_targeted_expansion_legacy_concept_audit,校园空间与路线,操场,0.758757,0.58695068,170,reviewed_keep
277,站牌,站牌,2,tencent_ai_lab_chinese_embedding_light_mirror_mvp,tencent_targeted_expansion_legacy_concept_audit,校园空间与路线,公交站,0.72376269,0.60508109,171,reviewed_keep
278,留念,留念,2,tencent_ai_lab_chinese_embedding_light_mirror_mvp,tencent_targeted_expansion_legacy_concept_audit,校园日常互动,合照,0.5172613,0.61666684,172,reviewed_keep
279,笔记本,笔记本,3,tencent_ai_lab_chinese_embedding_light_mirror_mvp,tencent_targeted_expansion_legacy_concept_audit,纸面心意与暗号,日记本,0.68571382,0.68788732,175,reviewed_keep
280,咖啡,咖啡,2,tencent_ai_lab_chinese_embedding_light_mirror_mvp,tencent_targeted_expansion_legacy_concept_audit,约会物件与仪式,奶茶,0.67287161,0.50992426,177,reviewed_keep
281,月光,月光,2,tencent_ai_lab_chinese_embedding_light_mirror_mvp,tencent_targeted_expansion_legacy_concept_audit,青春感官与毕业,晨光,0.6288401,0.62504028,178,reviewed_keep
282,秋色,秋色,2,tencent_ai_lab_chinese_embedding_light_mirror_mvp,tencent_targeted_expansion_legacy_concept_audit,青春感官与毕业,晚霞,0.7068431,0.47299839,182,reviewed_keep
283,欢乐谷,欢乐谷,3,tencent_ai_lab_chinese_embedding_light_mirror_mvp,tencent_targeted_expansion_legacy_concept_audit,约会物件与仪式,游乐园,0.65472174,0.53421687,184,reviewed_keep
284,稿纸,稿纸,2,tencent_ai_lab_chinese_embedding_light_mirror_mvp,tencent_targeted_expansion_legacy_concept_audit,纸面心意与暗号,日记本,0.70204339,0.65937433,186,reviewed_keep
285,细雨,细雨,2,tencent_ai_lab_chinese_embedding_light_mirror_mvp,tencent_targeted_expansion_legacy_concept_audit,青春感官与毕业,晚霞,0.63164489,0.600208,189,reviewed_keep
286,送信,送信,2,tencent_ai_lab_chinese_embedding_light_mirror_mvp,tencent_targeted_expansion_legacy_concept_audit,纸面心意与暗号,书信,0.6279952,0.72466066,190,reviewed_keep
287,圆脸,圆脸,2,tencent_ai_lab_chinese_embedding_light_mirror_mvp,tencent_targeted_expansion_legacy_concept_audit,校园外貌与信物,刘海,0.63565007,0.61367654,193,reviewed_keep
288,写日记,写日记,3,tencent_ai_lab_chinese_embedding_light_mirror_mvp,tencent_targeted_expansion_legacy_concept_audit,纸面心意与暗号,日记本,0.68547044,0.67520175,194,reviewed_keep
289,分享照片,分享照片,4,tencent_ai_lab_chinese_embedding_light_mirror_mvp,tencent_targeted_expansion_legacy_concept_audit,校园日常互动,合照,0.53961886,0.55383313,195,reviewed_keep
290,电影票,电影票,3,tencent_ai_lab_chinese_embedding_light_mirror_mvp,tencent_targeted_expansion_legacy_concept_audit,约会物件与仪式,电影院,0.61371645,0.6473947,196,reviewed_keep
291,同车,同车,2,tencent_ai_lab_chinese_embedding_light_mirror_mvp,tencent_targeted_expansion_legacy_concept_audit,校园日常互动,等车,0.47406239,0.6591668,199,reviewed_keep
292,发色,发色,2,tencent_ai_lab_chinese_embedding_light_mirror_mvp,tencent_targeted_expansion_legacy_concept_audit,校园外貌与信物,刘海,0.61531739,0.6373219,201,reviewed_keep
293,剧院,剧院,2,tencent_ai_lab_chinese_embedding_light_mirror_mvp,tencent_targeted_expansion_legacy_concept_audit,约会物件与仪式,电影院,0.61535189,0.63439907,203,reviewed_keep
294,伞下,伞下,2,tencent_ai_lab_chinese_embedding_light_mirror_mvp,tencent_targeted_expansion_legacy_concept_audit,青春感官与毕业,雨伞,0.58542445,0.70506499,206,reviewed_keep
295,月色,月色,2,tencent_ai_lab_chinese_embedding_light_mirror_mvp,tencent_targeted_expansion_legacy_concept_audit,青春感官与毕业,晚霞,0.68184845,0.47350706,207,reviewed_keep
296,曙光,曙光,2,tencent_ai_lab_chinese_embedding_light_mirror_mvp,tencent_targeted_expansion_legacy_concept_audit,青春感官与毕业,晨光,0.60365301,0.64848776,208,reviewed_keep
297,绿荫,绿荫,2,tencent_ai_lab_chinese_embedding_light_mirror_mvp,tencent_targeted_expansion_legacy_concept_audit,校园空间与路线,林荫道,0.66079516,0.65166897,209,reviewed_keep
298,晴空,晴空,2,tencent_ai_lab_chinese_embedding_light_mirror_mvp,tencent_targeted_expansion_legacy_concept_audit,青春感官与毕业,晚霞,0.64901994,0.51436582,214,reviewed_keep
299,离去,离去,2,tencent_ai_lab_chinese_embedding_light_mirror_mvp,tencent_targeted_expansion_legacy_concept_audit,青春感官与毕业,离别,0.57044619,0.72860374,217,reviewed_keep
300,鹅蛋脸,鹅蛋脸,3,tencent_ai_lab_chinese_embedding_light_mirror_mvp,tencent_targeted_expansion_legacy_concept_audit,校园外貌与信物,酒窝,0.66151123,0.56429814,228,reviewed_keep
301,天边,天边,2,tencent_ai_lab_chinese_embedding_light_mirror_mvp,tencent_targeted_expansion_legacy_concept_audit,青春感官与毕业,晚霞,0.71617676,0.43996747,230,reviewed_keep
302,夜空,夜空,2,tencent_ai_lab_chinese_embedding_light_mirror_mvp,tencent_targeted_expansion_legacy_concept_audit,青春感官与毕业,晚霞,0.6325768,0.55862939,234,reviewed_keep
303,游园,游园,2,tencent_ai_lab_chinese_embedding_light_mirror_mvp,tencent_targeted_expansion_legacy_concept_audit,约会物件与仪式,游乐园,0.54779114,0.73860819,239,reviewed_keep
304,实验楼,实验楼,3,tencent_ai_lab_chinese_embedding_light_mirror_mvp,tencent_targeted_expansion_legacy_concept_audit,校园空间与路线,教室,0.73015492,0.5140347,248,reviewed_keep
305,奶盖,奶盖,2,tencent_ai_lab_chinese_embedding_light_mirror_mvp,tencent_targeted_expansion_legacy_concept_audit,约会物件与仪式,奶茶,0.64243723,0.55701822,249,reviewed_keep
306,学生宿舍,学生宿舍,4,tencent_ai_lab_chinese_embedding_light_mirror_mvp,tencent_targeted_expansion_legacy_concept_audit,校园空间与路线,教室,0.69367697,0.5945992,250,reviewed_keep
307,日出,日出,2,tencent_ai_lab_chinese_embedding_light_mirror_mvp,tencent_targeted_expansion_legacy_concept_audit,青春感官与毕业,晚霞,0.65611424,0.49001862,251,reviewed_keep
308,观影,观影,2,tencent_ai_lab_chinese_embedding_light_mirror_mvp,tencent_targeted_expansion_legacy_concept_audit,约会物件与仪式,电影院,0.6203493,0.6077756,254,reviewed_keep
309,两周年,两周年,3,tencent_ai_lab_chinese_embedding_light_mirror_mvp,tencent_targeted_expansion_legacy_concept_audit,约会物件与仪式,纪念日,0.66306734,0.46172125,255,reviewed_keep
310,摩天轮,摩天轮,3,tencent_ai_lab_chinese_embedding_light_mirror_mvp,tencent_targeted_expansion_legacy_concept_audit,约会物件与仪式,游乐园,0.67419398,0.34683516,256,reviewed_keep
